"단어","풀이"
"가게",""
"가격","價格"
"가구","家口"
"가구","家具"
"가까워지다",""
"가까이",""
"가까이",""
"가깝다",""
"가꾸다",""
"가끔",""
"가난",""
"가난하다",""
"가늘다",""
"가능","可能"
"가능성","可能性"
"가능하다","可能-"
"가능해지다","可能-"
"가다",""
"가다",""
"가득","~ 차다"
"가득하다",""
"가득히",""
"가라앉다",""
"가려지다",""
"가령","假令"
"가로","~와 세로"
"가로등","街路燈"
"가로막다",""
"가로수","街路樹"
"가루","분필 ~"
"가르다",""
"가르치다",""
"가르침",""
"가리다","시야를 ~"
"가리다","시비를 ~"
"가리키다",""
"가만",""
"가만있다",""
"가만히",""
"가뭄",""
"가방","~을 메다"
"가볍다",""
"가사","歌詞"
"가상","假想"
"가수","歌手"
"가스","gas"
"가슴",""
"가슴속",""
"가요","歌謠"
"가운데",""
"가위","기구"
"가을",""
"가이드","guide"
"가입","加入"
"가입자","加入者"
"가입하다","加入-"
"가장",""
"가장","家長"
"가정","家庭"
"가정","假定"
"가정교사","家庭敎師"
"가져가다",""
"가져다주다",""
"가져오다",""
"가족","家族"
"가죽",""
"가지","~를 치다"
"가지","한 ~"
"가지다",""
"가지다",""
"가짜","假-"
"가치","價値"
"가치관","價値觀"
"가톨릭","Catholic"
"가하다","加-"
"각","各"
"각각","各各"
"각각","各各"
"각국","各國"
"각기","各其"
"각오","覺悟"
"각자","各自"
"각자","各自"
"각종","各種"
"간","음식의 ~을 보다"
"간","肝"
"간","間. 서울과 부산 ~"
"간격","間隔"
"간단하다","簡單-"
"간단히","簡單-"
"간부","幹部"
"간섭","干涉"
"간식","間食"
"간신히","艱辛-"
"간장","-醬"
"간접","間接"
"간접적","間接的"
"간판","看板"
"간편하다","簡便-"
"간호","看護"
"간호사","看護師"
"간혹","間或"
"갇히다",""
"갈다","바꾸다"
"갈다","문지르다"
"갈등","葛藤"
"갈비",""
"갈비탕","-湯"
"갈색","褐色"
"갈수록",""
"갈아입다",""
"갈아타다",""
"갈증","渴症"
"감","과일"
"감","感"
"감각","感覺"
"감기","感氣"
"감다","눈을 ~"
"감다","실을 ~"
"감독","監督"
"감동","感動"
"감동적","感動的"
"감사","感謝"
"감사하다","感謝-"
"감사하다","感謝-"
"감상","鑑賞"
"감상하다","鑑賞-"
"감소","減少"
"감소되다","減少-"
"감소하다","減少-"
"감수성","感受性"
"감싸다",""
"감옥","監獄"
"감자",""
"감정","感情"
"감정적","感情的"
"감추다",""
"감히","敢-"
"갑","匣"
"갑자기",""
"갑작스럽다",""
"값",""
"값싸다",""
"강","江"
"강남","江南"
"강당","講堂"
"강도","强度"
"강도","强盜"
"강력하다","强力-"
"강력히","强力-"
"강렬하다","强烈-"
"강물","江-"
"강변","江邊"
"강북","江北"
"강사","講師"
"강수량","降水量"
"강아지",""
"강요하다","强要-"
"강원도","江原道"
"강의","講義"
"강의하다","講義-"
"강제","强制"
"강조","强調"
"강조하다","强調-"
"강하다","强-"
"강화하다","强化-"
"갖가지",""
"갖다","가지다"
"갖다","가지다"
"갖추다",""
"같다",""
"같이",""
"같이하다",""
"갚다",""
"개","동물"
"개","個"
"개개인","個個人"
"개구리",""
"개국","個國"
"개나리",""
"개다","날이 ~"
"개미","곤충"
"개발되다","開發-"
"개발하다","開發-"
"개방","開放"
"개방되다","開放-"
"개방하다","開放-"
"개별","個別"
"개선","改善"
"개선되다","改善-"
"개선하다","改善-"
"개성","個性"
"개월","個月"
"개인","個人"
"개인적","個人的"
"객관적","客觀的"
"걔","그 아이"
"거","것"
"거","것"
"거기",""
"거꾸로",""
"거대하다","巨大-"
"거두다",""
"거들다",""
"거듭",""
"거리","길~"
"거리","반찬~"
"거리","距離"
"거부하다","拒否-"
"거실","居室"
"거액","巨額"
"거울",""
"거의",""
"거절하다","拒絶-"
"거짓",""
"거짓말",""
"거치다",""
"거칠다",""
"거품",""
"걱정",""
"걱정되다",""
"걱정스럽다",""
"걱정하다",""
"건","件"
"건강","健康"
"건강하다","健康-"
"건너",""
"건너가다",""
"건너다",""
"건너오다",""
"건너편","-便"
"건넌방","-房"
"건네다",""
"건네주다",""
"건드리다",""
"건물","建物"
"건설","建設"
"건설되다","建設-"
"건설하다","建設-"
"건전하다","健全-"
"건조","乾燥"
"건조하다","乾燥-"
"건지다",""
"건축","建築"
"걷기",""
"걷다","느릿느릿 ~"
"걷다","소매를 ~"
"걷다","빨래를 ~"
"걸다","옷을 ~"
"걸리다","걸다'의 피동사"
"걸어가다",""
"걸어오다","집까지 ~"
"걸음",""
"걸치다",""
"검다","색깔이 ~"
"검사","檢事"
"검사","檢査"
"검은색","-色"
"검정색","-色"
"검토","檢討"
"겁","怯"
"겁나다","怯-"
"것",""
"겉",""
"게","동물"
"게다가",""
"게시판","揭示板"
"게으르다",""
"게임","game"
"겨우",""
"겨울",""
"겨울철",""
"겨자",""
"겪다",""
"견디다",""
"견해","見解"
"결과","結果"
"결과적","結果的"
"결국","結局"
"결론","結論"
"결석","缺席"
"결석하다","缺席-"
"결승","決勝"
"결심","決心"
"결심하다","決心-"
"결정","決定"
"결정되다","決定-"
"결정하다","決定-"
"결코","決-"
"결혼","結婚"
"결혼식","結婚式"
"결혼하다","結婚-"
"경계","境界"
"경고","警告"
"경고하다","警告-"
"경기","景氣"
"경기","競技"
"경기도","京畿道"
"경기장","競技場"
"경력","經歷"
"경복궁","景福宮"
"경비","經費"
"경상도","慶尙道"
"경영","經營"
"경영하다","經營-"
"경우","境遇"
"경쟁","競爭"
"경쟁력","競爭力"
"경제","經濟"
"경제력","經濟力"
"경제적","經濟的"
"경제학","經濟學"
"경주","慶州"
"경찰","警察"
"경찰관","警察官"
"경찰서","警察署"
"경치","景致"
"경향","傾向"
"경험","經驗"
"경험하다","經驗-"
"곁",""
"계곡","溪谷"
"계단","階段"
"계란","鷄卵"
"계산","計算"
"계산기","計算器"
"계산하다","計算-"
"계속","繼續"
"계속되다","繼續-"
"계속하다","繼續-"
"계시다",""
"계시다",""
"계약","契約"
"계절","季節"
"계좌","計座"
"계층","階層"
"계획","計劃"
"계획하다","計劃-"
"고개","~를 돌리다"
"고개","~ 너머"
"고객","顧客"
"고교","高校"
"고구려","高句麗"
"고구마",""
"고궁","古宮"
"고급","高級"
"고급스럽다","高級-"
"고기",""
"고등학교","高等學校"
"고등학생","高等學生"
"고려","高麗"
"고려하다","考慮-"
"고르다","뽑다"
"고르다","차이가 없다"
"고맙다",""
"고모","姑母"
"고모부","姑母夫"
"고무신",""
"고민","苦悶"
"고민하다","苦悶-"
"고생","苦生"
"고생하다","苦生-"
"고소하다","맛이 ~"
"고속","高速"
"고속도로","高速道路"
"고속버스","高速bus"
"고양이",""
"고요하다",""
"고작",""
"고장","지역"
"고장","故障"
"고전","古典"
"고집","固執"
"고집하다","固執-"
"고추",""
"고추장","-醬"
"고춧가루",""
"고치다",""
"고통","苦痛"
"고통스럽다","苦痛-"
"고프다",""
"고함","高喊"
"고향","故鄕"
"곡","曲"
"곡식","穀食"
"곤란하다","困難-"
"곧",""
"곧다",""
"곧바로",""
"곧이어",""
"곧잘",""
"곧장",""
"골","goal"
"골고루",""
"골목",""
"골목길",""
"골짜기",""
"골치",""
"골프","golf"
"골프장","golf場"
"곰","동물"
"곱다","아름답다"
"곳",""
"곳곳",""
"공","축구~"
"공간","空間"
"공개","公開"
"공개하다","公開-"
"공격","攻擊"
"공격하다","攻擊-"
"공공","公共"
"공군","空軍"
"공급","供給"
"공기","空氣"
"공기","空器"
"공동","共同"
"공무원","公務員"
"공부","工夫"
"공부하다","工夫-"
"공사","工事"
"공식","公式"
"공식적","公式的"
"공업","工業"
"공연","公演"
"공연되다","公演-"
"공연장","公演場"
"공연하다","公演-"
"공연히","空然-"
"공원","公園"
"공장","工場"
"공주","公主"
"공중","空中"
"공중전화","公衆電話"
"공짜","空-"
"공책","空冊"
"공통","共通"
"공통되다","共通-"
"공통적","共通的"
"공통점","共通點"
"공포","恐怖"
"공항","空港"
"공항버스","空港bus"
"공해","公害"
"공휴일","公休日"
"과","科"
"과","課"
"과거","科擧"
"과거","過去"
"과목","科目"
"과연","果然"
"과외","課外"
"과일",""
"과자","菓子"
"과장","課長"
"과정","過程"
"과정","課程"
"과제","課題"
"과학","科學"
"과학자","科學者"
"과학적","科學的"
"관객","觀客"
"관계","關係"
"관계되다","關係-"
"관계없이","關係-"
"관계자","關係者"
"관광","觀光"
"관광객","觀光客"
"관광버스","觀光bus"
"관광지","觀光地"
"관념","觀念"
"관람","觀覽"
"관람객","觀覽客"
"관련","關聯"
"관련되다","關聯-"
"관련하다","關聯-"
"관리","官吏"
"관리","管理"
"관리하다","管理-"
"관습","慣習"
"관심","關心"
"관심사","關心事"
"관점","觀點"
"관찰","觀察"
"관찰하다","觀察-"
"관하다","關-"
"광경","光景"
"광고","廣告"
"광장","廣場"
"광주","光州"
"괜찮다",""
"괜히",""
"괴로움",""
"괴로워하다",""
"괴롭다",""
"괴롭히다",""
"굉장하다","宏壯-"
"굉장히","宏壯-"
"교과서","敎科書"
"교내","校內"
"교대","交代"
"교류","交流"
"교문","校門"
"교복","校服"
"교사","敎師"
"교수","敎授"
"교시","校時"
"교실","敎室"
"교양","敎養"
"교외","郊外"
"교육","敎育"
"교육비","敎育費"
"교육자","敎育者"
"교장","校長"
"교재","敎材"
"교직","敎職"
"교체","交替"
"교통","交通"
"교통사고","交通事故"
"교포","僑胞"
"교환","交換"
"교환하다","交換-"
"교회","敎會"
"교훈","敎訓"
"구","九"
"구","區"
"구경",""
"구경하다",""
"구두",""
"구르다","바위가 ~"
"구름",""
"구멍",""
"구별","區別"
"구별되다","區別-"
"구별하다","區別-"
"구분","區分"
"구분되다","區分-"
"구분하다","區分-"
"구석",""
"구석구석",""
"구성","構成"
"구성되다","構成-"
"구성하다","構成-"
"구속","拘束"
"구속되다","拘束-"
"구속하다","拘束-"
"구십","九十"
"구역","區域"
"구월","九月"
"구입","購入"
"구입하다","購入-"
"구조","構造"
"구청","區廳"
"구체적","具體的"
"구하다","求-"
"구하다","救-"
"국","음식"
"국가","國家"
"국가적","國家的"
"국기","國旗"
"국내","國內"
"국내선","國內線"
"국내외","國內外"
"국립","國立"
"국물",""
"국민","國民"
"국민적","國民的"
"국사","國史"
"국산","國産"
"국수",""
"국어","國語"
"국왕","國王"
"국적","國籍"
"국제","國際"
"국제선","國際線"
"국제적","國際的"
"국제화","國際化"
"국회","國會"
"국회의원","國會議員"
"군","君"
"군","軍"
"군","郡"
"군대","軍隊"
"군데",""
"군사","軍士"
"군사","軍事"
"군인","軍人"
"굳다",""
"굳어지다",""
"굳이",""
"굳히다",""
"굵다",""
"굶다",""
"굽다","익히다"
"굽히다",""
"궁극적","窮極的"
"궁금하다",""
"권","卷"
"권리","權利"
"권위","權威"
"권투","拳鬪"
"권하다","勸-"
"귀",""
"귀가","歸家"
"귀가하다","歸家-"
"귀국","歸國"
"귀국하다","歸國-"
"귀신","鬼神"
"귀엽다",""
"귀중하다","貴重-"
"귀찮다",""
"귀하다","貴-"
"귓속",""
"규모","規模"
"규정","規定"
"규칙","規則"
"규칙적","規則的"
"균형","均衡"
"귤","橘"
"그",""
"그",""
"그",""
"그간","-間"
"그거",""
"그것",""
"그곳",""
"그나마",""
"그날",""
"그냥",""
"그녀","-女"
"그놈",""
"그늘",""
"그다음",""
"그다지",""
"그대",""
"그대로",""
"그동안",""
"그때",""
"그때그때",""
"그래",""
"그래","그리하여"
"그래도","그리하여도"
"그래서",""
"그래서","그리하여서"
"그래야","그리하여야"
"그래픽","graphic"
"그램","gram"
"그러나",""
"그러니까",""
"그러다",""
"그러면",""
"그러므로",""
"그러하다",""
"그런",""
"그런대로",""
"그런데",""
"그럴듯하다",""
"그럼","그러면'의 준말"
"그럼",""
"그렇게","그러하게"
"그렇다",""
"그렇지",""
"그렇지만",""
"그려지다",""
"그루",""
"그룹","group"
"그릇",""
"그리","그러한 모양"
"그리고",""
"그리다","그림을 ~"
"그리로",""
"그리움",""
"그리워하다",""
"그리하여",""
"그림",""
"그림자",""
"그립다",""
"그만","그 정도까지만"
"그만두다",""
"그만큼",""
"그만하다",""
"그분",""
"그사이",""
"그야말로",""
"그이",""
"그저",""
"그저께",""
"그전","-前"
"그제서야",""
"그제야",""
"그중","-中"
"그쪽",""
"그치다",""
"그토록",""
"그해",""
"극","劇"
"극복","克服"
"극복하다","克服-"
"극작가","劇作家"
"극장","劇場"
"극히","極-"
"근거","根據"
"근거하다","根據-"
"근교","近郊"
"근데","그런데"
"근래","近來"
"근로","勤勞"
"근로자","勤勞者"
"근무","勤務"
"근무하다","勤務-"
"근본","根本"
"근본적","根本的"
"근원","根源"
"근육","筋肉"
"근처","近處"
"글",""
"글쎄",""
"글쎄요",""
"글쓰기",""
"글씨",""
"글자","-字"
"긁다",""
"금","~을 긋다"
"금","金"
"금강산","金剛山"
"금고","金庫"
"금년","今年"
"금메달","金medal"
"금방","今方"
"금세",""
"금액","金額"
"금연","禁煙"
"금요일","金曜日"
"금지","禁止"
"금지되다","禁止-"
"금지하다","禁止-"
"금하다","禁-"
"급","級"
"급격히","急激-"
"급속히","急速-"
"급증하다","急增-"
"급하다","急-"
"급히","急-"
"긋다","금을 ~"
"긍정적","肯定的"
"기","氣"
"기","旗"
"기간","期間"
"기계","機械"
"기관","機關"
"기구","器具"
"기구","機構"
"기기","機器"
"기념","記念"
"기념일","記念日"
"기념품","記念品"
"기념하다","記念-"
"기능","技能"
"기능","機能"
"기다",""
"기다리다",""
"기대","期待"
"기대다","의지하다"
"기대되다","期待-"
"기대하다","期待-"
"기도","祈禱"
"기도하다","祈禱-"
"기독교","基督敎"
"기둥",""
"기록","記錄"
"기록되다","記錄-"
"기록하다","記錄-"
"기르다",""
"기름",""
"기막히다","氣-"
"기법","技法"
"기본","基本"
"기본적","基本的"
"기분","氣分"
"기뻐하다",""
"기쁘다",""
"기쁨",""
"기사","技士"
"기사","記事"
"기성","旣成"
"기성세대","旣成世代"
"기숙사","寄宿舍"
"기술","技術"
"기술자","技術者"
"기술하다","記述-"
"기억","記憶"
"기억나다","記憶-"
"기억되다","記憶-"
"기억하다","記憶-"
"기업","企業"
"기업인","企業人"
"기여","寄與"
"기여하다","寄與-"
"기온","氣溫"
"기운",""
"기울다",""
"기울이다",""
"기원","起源"
"기원전","紀元前"
"기자","記者"
"기적","奇跡"
"기준","基準"
"기차","汽車"
"기초","基礎"
"기초적","基礎的"
"기초하다","基礎-"
"기침",""
"기타","其他"
"기타","guitar"
"기호","記號"
"기혼","旣婚"
"기회","機會"
"기획","企劃"
"기후","氣候"
"긴급","緊急"
"긴장","緊張"
"긴장감","緊張感"
"긴장되다","緊張-"
"긴장하다","緊張-"
"길","도로"
"길가",""
"길거리",""
"길다","밤이 ~"
"길어지다",""
"길이",""
"김","~이 서리다"
"김","해초"
"김",""
"김밥",""
"김치",""
"김치찌개",""
"김포공항","金浦空港"
"깊다",""
"깊숙이",""
"깊이",""
"깊이",""
"까다","마늘을 ~"
"까닭",""
"까만색","-色"
"까맣다",""
"까먹다",""
"까치",""
"깍두기",""
"깎다",""
"깔끔하다",""
"깔다",""
"깔리다",""
"깜빡",""
"깜짝","놀라는 모양"
"깡패","-牌"
"깨끗이",""
"깨끗하다",""
"깨끗해지다",""
"깨다","술이 ~"
"깨다","그릇을 ~"
"깨닫다",""
"깨달음",""
"깨뜨리다",""
"깨소금",""
"깨어나다",""
"깨어지다",""
"깨우다",""
"깨지다","깨어지다"
"꺼내다",""
"꺼지다","불이 ~"
"꺾다",""
"껌","gum"
"껍질",""
"꼬리",""
"꼬마",""
"꼭","힘을 주는 모양"
"꼭","반드시"
"꼭대기",""
"꼴","모양새"
"꼼꼼하다",""
"꼼짝",""
"꼽히다",""
"꽂다",""
"꽃",""
"꽃씨",""
"꽃잎",""
"꽉",""
"꽤",""
"꾸다","꿈을 ~"
"꾸다","돈을 ~"
"꾸리다",""
"꾸미다",""
"꾸준하다",""
"꾸준히",""
"꾸중",""
"꿀",""
"꿈",""
"꿈꾸다",""
"꿈속",""
"끄다","불을 ~"
"끄덕이다",""
"끈",""
"끊기다",""
"끊다",""
"끊어지다",""
"끊임없다",""
"끊임없이",""
"끌다",""
"끌리다",""
"끌어당기다",""
"끓다",""
"끓이다",""
"끝",""
"끝나다",""
"끝내",""
"끝내다",""
"끝없다",""
"끝없이",""
"끼","끼니"
"끼다","구름이 ~"
"끼다","끼우다"
"끼어들다",""
"끼우다",""
"나",""
"나가다",""
"나가다",""
"나누다",""
"나누어지다",""
"나뉘다",""
"나다",""
"나다",""
"나들이",""
"나라",""
"나란히",""
"나르다",""
"나름",""
"나머지",""
"나무",""
"나물",""
"나뭇가지",""
"나뭇잎",""
"나비",""
"나빠지다",""
"나쁘다",""
"나서다",""
"나아가다",""
"나아지다",""
"나오다",""
"나이",""
"나중",""
"나침반","羅針盤"
"나타나다",""
"나타내다",""
"나흘",""
"낙엽","落葉"
"낚시",""
"낚시꾼",""
"낚싯대",""
"난리","亂離"
"난방","暖房"
"날","어느 ~"
"날개",""
"날다",""
"날리다","날다'의 사동사"
"날씨",""
"날아가다",""
"날아다니다",""
"날아오다",""
"날짜",""
"날카롭다",""
"낡다",""
"남",""
"남","男"
"남","南"
"남기다",""
"남녀","男女"
"남다",""
"남대문","南大門"
"남대문시장","南大門市場"
"남동생","男-"
"남매","男妹"
"남미","南美"
"남부","南部"
"남북","南北"
"남산","南山"
"남성","男性"
"남자","男子"
"남쪽","南-"
"남편","男便"
"남학생","男學生"
"납득하다","納得-"
"낫다","병이 ~"
"낫다","더 좋다"
"낭비","浪費"
"낮",""
"낮다",""
"낮아지다",""
"낮추다",""
"낯설다",""
"낱말","단어"
"낳다",""
"내","內"
"내과","內科"
"내내",""
"내년","來年"
"내놓다",""
"내다","참아 ~"
"내다","길을 ~"
"내다보다",""
"내달","來-"
"내려가다",""
"내려놓다",""
"내려다보다",""
"내려오다",""
"내려지다",""
"내리다","눈이 ~"
"내밀다",""
"내버리다",""
"내보내다",""
"내부","內部"
"내쉬다",""
"내외","內外.안팎"
"내외","內外.남녀"
"내용","內容"
"내용물","內容物"
"내일","來日"
"내일","來日"
"내적","內的"
"내주다",""
"내지","乃至"
"내후년","來後年"
"냄비",""
"냄새",""
"냇물",""
"냉동","冷凍"
"냉면","冷麵"
"냉방","冷房"
"냉장고","冷藏庫"
"너",""
"너머",""
"너무",""
"너무나",""
"너희",""
"넉","~ 달"
"넉넉하다",""
"널리",""
"넓다",""
"넓어지다",""
"넓히다",""
"넘겨주다",""
"넘기다",""
"넘다",""
"넘어가다",""
"넘어뜨리다",""
"넘어서다",""
"넘어오다",""
"넘어지다",""
"넘치다",""
"넣다",""
"네",""
"네",""
"네거리",""
"넥타이","necktie"
"넷",""
"넷째",""
"넷째",""
"녀석",""
"년","年"
"년대","年代"
"년도","年度"
"년생80","年生. 80~"
"노동","勞動"
"노동자","勞動者"
"노란색","-色"
"노랗다",""
"노래",""
"노래방","-房"
"노래하다",""
"노랫소리",""
"노력","努力"
"노력하다","努力-"
"노선","路線"
"노인","老人"
"노트","note"
"녹다",""
"녹색","綠色"
"녹음","錄音"
"녹음하다","錄音-"
"녹이다",""
"녹차","綠茶"
"녹화","錄畵"
"논",""
"논리","論理"
"논리적","論理的"
"논문","論文"
"논의하다","論議-"
"논쟁","論爭"
"논하다","論-"
"놀다",""
"놀라다",""
"놀랍다",""
"놀리다","흉을 보다"
"놀이",""
"놀이터",""
"놈",""
"농구","籠球"
"농담","弄談"
"농민","農民"
"농부","農夫"
"농사","農事"
"농사일","農事-"
"농사짓다","農事-"
"농산물","農産物"
"농업","農業"
"농장","農場"
"농촌","農村"
"높다",""
"높아지다",""
"높이",""
"높이",""
"높이다",""
"놓다",""
"놓다",""
"놓아두다",""
"놓이다",""
"놓치다",""
"놔두다","놓아두다"
"뇌","腦"
"누구",""
"누나",""
"누르다","힘을 가하다"
"눈","신체의 일부"
"눈","~이 내리다"
"눈가",""
"눈감다",""
"눈길","~을 피하다"
"눈동자","-瞳子"
"눈뜨다",""
"눈물",""
"눈병","-病"
"눈부시다",""
"눈빛","~이 매섭다"
"눈썹",""
"눈앞",""
"눕다",""
"뉴스","news"
"뉴욕","New York"
"느껴지다",""
"느끼다","추위를 ~"
"느낌",""
"느리다",""
"늑대","동물"
"늘",""
"늘다",""
"늘리다",""
"늘어나다",""
"늘어놓다",""
"늘어서다",""
"늘어지다",""
"늙다",""
"능동적","能動的"
"능력","能力"
"늦가을",""
"늦다",""
"늦다",""
"늦어지다",""
"다",""
"다",""
"다가가다",""
"다가서다",""
"다가오다",""
"다녀가다",""
"다녀오다",""
"다니다",""
"다듬다",""
"다루다",""
"다르다",""
"다른",""
"다름없다",""
"다리","신체의 일부"
"다리","교량"
"다만",""
"다방","茶房"
"다섯",""
"다섯째",""
"다섯째",""
"다소","多少"
"다수","多數"
"다시",""
"다양성","多樣性"
"다양하다","多樣-"
"다양해지다","多樣-"
"다음",""
"다이어트","diet"
"다정하다","多情-"
"다지다",""
"다짐하다",""
"다치다",""
"다투다",""
"다툼",""
"다하다",""
"다행","多幸"
"다행히","多幸-"
"닥치다","다다르다"
"닦다",""
"단","段"
"단","單"
"단계","段階"
"단골",""
"단단하다",""
"단독","單獨"
"단맛",""
"단순","單純"
"단순하다","單純-"
"단순히","單純-"
"단어","單語"
"단위","單位"
"단점","短點"
"단지","但只"
"단지","團地"
"단체","團體"
"단추",""
"단편","短篇"
"단풍","丹楓"
"닫다",""
"닫히다",""
"달",""
"달",""
"달걀",""
"달다","단추를 ~"
"달다","무게를 ~"
"달다","빌려 다오"
"달다","돈을 다오"
"달다","맛"
"달라지다",""
"달래다",""
"달러","dollar"
"달러","dollar"
"달려가다",""
"달려들다",""
"달려오다",""
"달력","-曆"
"달리",""
"달리기",""
"달리다","문에 종이 ~"
"달리다","말을 ~"
"달리하다",""
"달빛",""
"달아나다",""
"닭",""
"닭고기",""
"닮다",""
"담","~을 쌓다"
"담그다",""
"담기다","담다"
"담다","넣다"
"담당","擔當"
"담당자","擔當者"
"담당하다","擔當-"
"담배",""
"담요",""
"담임","擔任"
"답","答"
"답답하다",""
"답변","答辯"
"답장","答狀"
"답하다","答-"
"닷새",""
"당근",""
"당기다",""
"당당하다","堂堂-"
"당분간","當分間"
"당시","當時"
"당신","當身"
"당연하다","當然-"
"당연히","當然-"
"당장","當場"
"당하다","當-"
"당황하다","唐慌-"
"닿다",""
"대","담배 한 ~"
"대","줄기"
"대","代"
"대","對. 개인 ~ 개인"
"대","臺"
"대가","代價"
"대강","大綱"
"대개","大槪"
"대개","大槪"
"대구","大邱"
"대규모","大規模"
"대기","大氣"
"대기업","大企業"
"대기하다","待機-"
"대낮",""
"대다","귀에 ~"
"대다수","大多數"
"대단하다",""
"대단히",""
"대답","對答"
"대답하다","對答-"
"대도시","大都市"
"대략","大略"
"대량","大量"
"대로",""
"대륙","大陸"
"대문","大門"
"대부분","大部分"
"대비","對備"
"대비하다","對備-"
"대사","大使"
"대사","臺詞"
"대사관","大使館"
"대상자","對象者"
"대신","代身"
"대신하다","代身-"
"대여섯",""
"대응","對應"
"대응하다","對應-"
"대입","大入"
"대전","大田"
"대접","待接"
"대접하다","待接-"
"대중","大衆"
"대중교통","大衆交通"
"대중문화","大衆文化"
"대중적","大衆的"
"대책","對策"
"대처하다","對處-"
"대체","大體"
"대체로","大體-"
"대출","貸出"
"대충",""
"대통령","大統領"
"대표","代表"
"대표적","代表的"
"대표하다","代表-"
"대하다","對-"
"대학","大學"
"대학교","大學校"
"대학교수","大學敎授"
"대학로","大學路"
"대학생","大學生"
"대학원","大學院"
"대한민국","大韓民國"
"대합실","待合室"
"대형","大型"
"대화","對話"
"대화하다","對話-"
"대회","大會"
"댁","宅"
"댐","dam"
"더",""
"더구나",""
"더더욱",""
"더러워지다",""
"더럽다",""
"더불다",""
"더욱",""
"더욱더",""
"더욱이",""
"더위",""
"더하다",""
"덕","德"
"덕분","德分"
"덕수궁","德壽宮"
"던지다",""
"덜",""
"덜다",""
"덥다",""
"덧붙이다",""
"덩어리",""
"덮다",""
"덮이다",""
"데",""
"데려가다",""
"데려오다",""
"데리다",""
"데우다",""
"데이트","date"
"도","度"
"도","道. ~를 깨치다"
"도","道. 전국 각 ~"
"도구","道具"
"도달하다","到達-"
"도대체","都大體"
"도덕","道德"
"도둑",""
"도로",""
"도로","道路"
"도리어",""
"도마",""
"도망","逃亡"
"도망가다","逃亡-"
"도망치다","逃亡-"
"도서관","圖書館"
"도시","都市"
"도시락",""
"도심","都心"
"도와주다",""
"도움",""
"도움말",""
"도입","導入"
"도자기","陶瓷器"
"도장","圖章"
"도저히","到底-"
"도전","挑戰"
"도중","途中"
"도착","到着"
"도착하다","到着-"
"도쿄(동경)","東京"
"독감","毒感"
"독립","獨立"
"독립하다","獨立-"
"독서","讀書"
"독일","獨逸"
"독일어","獨逸語"
"독창적","獨創的"
"독특하다","獨特-"
"독하다","毒-"
"돈",""
"돌","~멩이"
"돌다",""
"돌려주다",""
"돌리다","팽이를 ~"
"돌멩이",""
"돌보다",""
"돌아가다",""
"돌아다니다",""
"돌아보다",""
"돌아서다",""
"돌아오다",""
"돕다",""
"동","同"
"동","棟"
"동그라미",""
"동그랗다",""
"동기","同期"
"동기","動機"
"동네","洞-"
"동대문","東大門"
"동대문시장","東大門市場"
"동료","同僚"
"동물","動物"
"동물원","動物園"
"동부","東部"
"동생",""
"동서","東西"
"동서남북","東西南北"
"동시","同時"
"동아리",""
"동안","시간의 길이"
"동양","東洋"
"동양인","東洋人"
"동의","同意"
"동의하다","同意-"
"동일하다","同一-"
"동작","動作"
"동전","銅錢"
"동쪽","東-"
"동창","同窓"
"동포","同胞"
"동행","同行"
"동화","童話"
"동화책","童話冊"
"돼지",""
"돼지고기",""
"되게",""
"되다","어른이 ~"
"되돌리다",""
"되돌아가다",""
"되돌아보다",""
"되돌아오다",""
"되살리다",""
"되찾다",""
"되풀이되다",""
"되풀이하다",""
"된장","-醬"
"된장찌개","-醬-"
"두",""
"두껍다",""
"두께",""
"두뇌","頭腦"
"두다",""
"두다",""
"두드러지다",""
"두드리다",""
"두려움",""
"두려워하다",""
"두렵다",""
"두르다",""
"두리번거리다",""
"두부","豆腐"
"두세",""
"두어",""
"두통","頭痛"
"둘",""
"둘러보다",""
"둘러싸다",""
"둘러싸이다",""
"둘째",""
"둘째",""
"둥글다",""
"둥지",""
"뒤",""
"뒤늦다",""
"뒤따르다",""
"뒤지다","가방을 ~"
"뒤집다",""
"뒤쪽",""
"뒤편","-便"
"뒷골목",""
"뒷모습",""
"뒷문","-門"
"뒷산","-山"
"드디어",""
"드라마","drama"
"드러나다",""
"드리다","인사를 ~"
"드리다","도와 ~"
"드물다",""
"듣다","소리를 ~"
"들",""
"들다","따지고 ~"
"들다","여관에 ~"
"들다","꽃을 ~"
"들려오다",""
"들려주다",""
"들르다",""
"들리다","소리가 ~"
"들어가다",""
"들어서다",""
"들어오다",""
"들어주다",""
"들여놓다",""
"들여다보다",""
"들이다","들다'의 사동사"
"들이마시다","숨을 ~"
"들이켜다",""
"듯",""
"듯싶다",""
"듯이",""
"듯하다",""
"등","신체의 일부"
"등","等. 1~"
"등","等"
"등등","等等"
"등록","登錄"
"등록금","登錄金"
"등록증","登錄證"
"등록하다","登錄-"
"등산","登山"
"등산로","登山路"
"등장","登場"
"등장하다","登場-"
"디스크","disk"
"디자이너","designer"
"디자인","design"
"따님",""
"따다","떼다"
"따뜻하다",""
"따라가다",""
"따라다니다",""
"따라서",""
"따라오다",""
"따로",""
"따로따로",""
"따르다","뒤를 ~"
"따르다","물을 ~"
"따스하다",""
"딱","멎는 모양"
"딱","바라진 모양"
"딱딱하다","굳다"
"딴","~ 일"
"딸",""
"딸기",""
"딸아이",""
"땀",""
"땅",""
"땅바닥",""
"땅속",""
"땅콩",""
"때","시간"
"때","더러운 물질"
"때때로",""
"때로",""
"때리다",""
"때문",""
"땜","때문"
"떠나가다",""
"떠나다",""
"떠나오다",""
"떠들다","말하다"
"떠들썩하다","떠들다"
"떠오르다",""
"떠올리다",""
"떡",""
"떡국",""
"떡볶이",""
"떨다",""
"떨리다","흔들리다"
"떨어뜨리다",""
"떨어지다",""
"떼","양 ~"
"떼다",""
"또",""
"또는",""
"또다시",""
"또한",""
"똑같다",""
"똑같이",""
"똑똑하다",""
"똑바로",""
"뚜껑",""
"뚫다",""
"뚱뚱하다",""
"뛰놀다",""
"뛰다","심장이 ~"
"뛰다","빨리 나아가다"
"뛰어가다",""
"뛰어나가다",""
"뛰어나다",""
"뛰어나오다",""
"뛰어내리다",""
"뛰어넘다",""
"뛰어놀다",""
"뛰어다니다",""
"뛰어들다",""
"뛰어오다",""
"뛰어오르다",""
"뜨겁다",""
"뜨다","솟아오르다"
"뜨다","떠나다"
"뜨다","눈을 ~"
"뜯다",""
"뜰",""
"뜻",""
"뜻대로",""
"뜻밖",""
"뜻밖에",""
"뜻하다",""
"띄다","눈에 ~"
"띄우다","배를 ~"
"라디오","radio"
"라면","&일ramen"
"라운드","round"
"라이벌","rival"
"라이터","lighter"
"라인","line"
"라켓","racket"
"러시아","Russia"
"런던","London"
"레몬","lemon"
"레스토랑","&프restaurant"
"레이저","laser"
"레저","leisure"
"렌즈","lens"
"로봇","robot"
"로터리","rotary"
"리","里"
"리그","league"
"리듬","rhythm"
"리터","liter"
"마구",""
"마누라",""
"마늘",""
"마당",""
"마당",""
"마디",""
"마땅하다",""
"마라톤","marathon"
"마련",""
"마련",""
"마련되다",""
"마련하다",""
"마루","~를 닦다"
"마르다",""
"마리",""
"마무리",""
"마사지","massage"
"마시다",""
"마약","痲藥"
"마요네즈","&프mayonnaise"
"마을",""
"마음",""
"마음가짐",""
"마음껏",""
"마음대로",""
"마음먹다",""
"마음속",""
"마음씨",""
"마이크","mike"
"마주",""
"마주치다",""
"마중",""
"마지막",""
"마찬가지",""
"마찰","摩擦"
"마치",""
"마치다",""
"마침",""
"마침내",""
"마크","mark"
"마흔",""
"막","바로 지금"
"막","마구"
"막걸리",""
"막내",""
"막다",""
"막상",""
"막히다",""
"만","십 년 ~에"
"만","화를 낼 ~도 하다"
"만","萬"
"만","萬"
"만","滿. ~ 3개월"
"만나다",""
"만남",""
"만두","饅頭"
"만들다",""
"만들어지다",""
"만만하다","대적할 만함"
"만세","萬歲"
"만약","萬若"
"만일","萬一"
"만점","滿點"
"만족","滿足"
"만족스럽다","滿足-"
"만족하다","滿足-"
"만족하다","滿足-"
"만지다",""
"만큼",""
"만하다",""
"만화","漫畵"
"만화가","漫畵家"
"많다",""
"많아지다",""
"많이",""
"말","~과 글"
"말","동물"
"말","末"
"말기","末期"
"말다","감다"
"말다","그만두다"
"말다",""
"말리다","싸움을 ~"
"말리다","빨래를 ~"
"말씀",""
"말씀드리다",""
"말씀하다",""
"말없이",""
"말투","-套"
"말하다",""
"맑다",""
"맘","마음"
"맘대로","마음대로"
"맛",""
"맛보다",""
"맛없다",""
"맛있다",""
"망설이다",""
"망원경","望遠鏡"
"망치다",""
"망하다","亡-"
"맞다","답이 ~"
"맞다","손님을 ~"
"맞다","매를 ~"
"맞서다",""
"맞은편","-便"
"맞이하다",""
"맞추다",""
"맡기다",""
"맡다","담임을 ~"
"맡다","냄새를 ~"
"매","~를 맞다"
"매너","manner"
"매년","每年"
"매다","끈을 ~"
"매달","每-"
"매달다",""
"매달리다",""
"매력","魅力"
"매번","每番"
"매스컴","mass communication"
"매우",""
"매일","每日"
"매일","每日"
"매장","賣場"
"매주","每週"
"매체","媒體"
"맥주","麥酒"
"맨",""
"맵다",""
"맺다",""
"머리",""
"머리말",""
"머리카락",""
"머리칼",""
"머릿속",""
"머무르다",""
"머물다",""
"먹고살다",""
"먹다","귀를 ~"
"먹다","잊어 ~"
"먹다","밥을 ~"
"먹이",""
"먹이다",""
"먹히다",""
"먼저",""
"먼지",""
"멀다","갈 길이 ~"
"멀리",""
"멀어지다",""
"멈추다",""
"멋",""
"멋있다",""
"멋지다",""
"멍멍",""
"멎다",""
"메뉴","menu"
"메다","총을 ~"
"메모","memo"
"메시지","message"
"메우다","메다'의 사동사"
"메일","mail"
"며느리",""
"며칠",""
"면","面. 행정 단위"
"면","面. 양쪽 ~"
"면","綿"
"면담","面談"
"면적","面積"
"면접","面接"
"면하다","免-"
"멸치",""
"명","名. 한 ~"
"명단","名單"
"명령","命令"
"명령어","命令語"
"명예","名譽"
"명의","名義"
"명절","名節"
"명칭","名稱"
"명함","名銜"
"명확하다","明確-"
"몇",""
"몇",""
"몇몇",""
"몇십",""
"모","某"
"모","某"
"모금","한 ~"
"모기",""
"모니터","monitor"
"모델","model"
"모두",""
"모두",""
"모든",""
"모래",""
"모레",""
"모르다",""
"모범","模範"
"모색하다","摸索-"
"모습",""
"모시다",""
"모양","模樣"
"모양","模樣"
"모여들다",""
"모으다",""
"모이다",""
"모임",""
"모자","帽子"
"모자라다",""
"모조리",""
"모집","募集"
"모집하다","募集-"
"모처럼",""
"모퉁이",""
"목",""
"목걸이",""
"목록","目錄"
"목사","牧師"
"목소리",""
"목숨",""
"목요일","木曜日"
"목욕","沐浴"
"목욕탕","沐浴湯"
"목적","目的"
"목표","目標"
"몰다",""
"몰래",""
"몰려들다",""
"몰려오다",""
"몸",""
"몸매",""
"몸무게",""
"몸살","~이 걸리다"
"몸속",""
"몸짓",""
"몸통",""
"몹시",""
"못","벽에 ~을 박다"
"못",""
"못되다",""
"못생기다",""
"못지않다",""
"못하다",""
"못하다",""
"못하다",""
"묘사","描寫"
"묘사하다","描寫-"
"무","식물"
"무","無"
"무겁다",""
"무게",""
"무관심","無關心"
"무관심하다","無關心-"
"무궁화","無窮花"
"무기","武器"
"무너지다",""
"무늬",""
"무대","舞臺"
"무더위",""
"무덤",""
"무덥다",""
"무려","無慮"
"무렵",""
"무료","無料"
"무릎",""
"무리","~를 이루다"
"무리","無理"
"무리하다","無理-"
"무사하다","無事-"
"무섭다",""
"무슨",""
"무시하다","無視-"
"무어",""
"무엇",""
"무역","貿易"
"무용","舞踊"
"무용가","舞踊家"
"무의미하다","無意味-"
"무조건","無條件"
"무지개",""
"무책임하다","無責任-"
"무척",""
"묵다","오래된 상태"
"묵다","머무르다"
"묶다",""
"묶이다",""
"문","門"
"문구","文句"
"문득",""
"문밖","門-"
"문법","文法"
"문서","文書"
"문자","文字"
"문장","文章"
"문제","問題"
"문제되다","問題-"
"문제점","問題點"
"문학","文學"
"문학적","文學的"
"문화","文化"
"문화재","文化財"
"문화적","文化的"
"묻다","옷에 흙이 ~"
"묻다","시체를 ~"
"묻다","길을 ~"
"묻히다","옷에 흙을 ~"
"묻히다","땅에 ~"
"물","바닷~"
"물가","物價"
"물건","物件"
"물결",""
"물고기",""
"물기","-氣"
"물다","담배를 ~"
"물러나다",""
"물론","勿論"
"물론","勿論"
"물리학","物理學"
"물속",""
"물어보다",""
"물음",""
"물질","物質"
"물질적","物質的"
"물체","物體"
"뭐",""
"뭐",""
"뭘",""
"뭣",""
"미","美"
"미국","美國"
"미끄러지다",""
"미끄럽다",""
"미니","mini"
"미디어","media"
"미래","未來"
"미루다",""
"미리",""
"미만","未滿"
"미사일","missile"
"미소","微笑"
"미술","美術"
"미술관","美術館"
"미스","Miss"
"미안하다","未安-"
"미역",""
"미용실","美容室"
"미움",""
"미워하다",""
"미인","美人"
"미처",""
"미치다","정신에 이상이 생기다"
"미치다","닿다"
"미터","meter"
"미팅","meeting"
"미혼","未婚"
"민간","民間"
"민속","民俗"
"민족","民族"
"민주","民主"
"민주주의","民主主義"
"민주화","民主化"
"믿다",""
"믿어지다",""
"믿음",""
"밀가루",""
"밀다",""
"밀리다","방세가 ~"
"밀리미터","millimeter"
"밀접하다","密接-"
"밉다",""
"및",""
"밑",""
"밑바닥",""
"바",""
"바","bar"
"바가지",""
"바구니",""
"바깥",""
"바깥쪽",""
"바꾸다",""
"바뀌다",""
"바나나","banana"
"바늘",""
"바다",""
"바닥",""
"바닷가",""
"바닷물",""
"바라다",""
"바라보다",""
"바람","눈이 오는 ~에"
"바람","~이 불다"
"바람","소원"
"바람직하다",""
"바로",""
"바로잡다",""
"바르다","벽지를 ~"
"바르다","굽은 데가 없다"
"바보",""
"바쁘다",""
"바싹",""
"바위",""
"바이러스","virus"
"바이올린","violin"
"바지",""
"바치다","드리다"
"바퀴","수레 ~"
"바퀴","네 ~"
"바탕",""
"박","泊"
"박다",""
"박물관","博物館"
"박사","博士"
"박수","拍手"
"박스","box"
"박히다",""
"밖",""
"반","半"
"반","班"
"반갑다",""
"반기다",""
"반대","反對"
"반대편","反對便"
"반대하다","反對-"
"반드시",""
"반말","半-"
"반면","反面"
"반발","反撥"
"반복되다","反復-"
"반복하다","反復-"
"반성","反省"
"반성하다","反省-"
"반영하다","反映-"
"반응","反應"
"반장","班長"
"반죽",""
"반지","半指"
"반짝거리다",""
"반짝이다",""
"반찬","飯饌"
"반하다","反-"
"받다","선물을 ~"
"받아들이다",""
"받침",""
"발","신체의 일부"
"발가락",""
"발걸음",""
"발견","發見"
"발견되다","發見-"
"발견하다","發見-"
"발길",""
"발끝",""
"발달","發達"
"발달되다","發達-"
"발달하다","發達-"
"발등",""
"발레","&프ballet"
"발목",""
"발바닥",""
"발생","發生"
"발생하다","發生-"
"발음","發音"
"발음하다","發音-"
"발자국",""
"발전","發展"
"발전","發電"
"발전되다","發展-"
"발전하다","發展-"
"발톱",""
"발표","發表"
"발표되다","發表-"
"발표하다","發表-"
"발휘하다","發揮-"
"밝다",""
"밝다",""
"밝아지다",""
"밝혀내다",""
"밝혀지다",""
"밝히다",""
"밟다",""
"밤","어두운 때"
"밤","열매"
"밤낮",""
"밤늦다",""
"밤새","~ 안녕하셨습니까"
"밤새다",""
"밤새우다",""
"밤색","-色"
"밤중","-中"
"밤하늘",""
"밥","~을 먹다"
"밥그릇",""
"밥맛",""
"밥상","-床"
"밥솥",""
"방","房"
"방금","方今"
"방면","方面"
"방문","房門"
"방문","訪問"
"방문하다","訪問-"
"방바닥","房-"
"방법","方法"
"방송","放送"
"방송국","放送局"
"방송사","放送社"
"방송하다","放送-"
"방식","方式"
"방안","方案"
"방울","물~"
"방울","~이 울리다"
"방지","防止"
"방지하다","防止-"
"방학","放學"
"방해","妨害"
"방해하다","妨害-"
"방향","方向"
"밭",""
"배","신체의 일부"
"배","~를 띄우다"
"배","열매"
"배","倍"
"배경","背景"
"배고프다",""
"배구","排球"
"배꼽",""
"배다","땀이 ~"
"배달","配達"
"배드민턴","badminton"
"배부르다",""
"배우","俳優"
"배우다",""
"배우자","配偶者"
"배추",""
"배추김치",""
"배치","配置"
"백","百"
"백","百"
"백두산","白頭山"
"백색","白色"
"백성","百姓"
"백인","白人"
"백제","百濟"
"백화점","百貨店"
"뱀",""
"뱃사람",""
"뱉다",""
"버려지다",""
"버릇",""
"버리다",""
"버리다",""
"버섯",""
"버스","bus"
"버터","butter"
"버튼","button"
"버티다",""
"번","番"
"번개",""
"번거롭다",""
"번역","飜譯"
"번역하다","飜譯-"
"번지","番地"
"번째","番-"
"번호","番號"
"벌","옷 한 ~"
"벌","곤충"
"벌","罰"
"벌금","罰金"
"벌다","돈을 ~"
"벌떡",""
"벌레",""
"벌리다","입을 ~"
"벌써",""
"벌어지다","틈이 ~"
"벌어지다","싸움이 ~"
"벌이다",""
"범위","範圍"
"범인","犯人"
"범죄","犯罪"
"법","法"
"법","法"
"법률","法律"
"법원","法院"
"법적","法的"
"법칙","法則"
"벗기다",""
"벗다",""
"베개",""
"베다","목을 ~"
"베이징(북경)","北京"
"벤치","bench"
"벨트","belt"
"벼",""
"벽","壁"
"변경","變更"
"변동","變動"
"변명","辨明"
"변신","變身"
"변하다","變-"
"변호사","辯護士"
"변화","變化"
"변화되다","變化-"
"변화하다","變化-"
"별",""
"별","別"
"별다르다","別-"
"별도","別途"
"별로","別-"
"별명","別名"
"별일","別-"
"병","病"
"병","甁"
"병들다","病-"
"병실","病室"
"병아리",""
"병원","病院"
"보고","報告"
"보고서","報告書"
"보고하다","報告-"
"보관","保管"
"보관하다","保管-"
"보내다",""
"보내오다",""
"보너스","bonus"
"보다",""
"보다",""
"보다","한층 더"
"보도","報道"
"보도되다","報道-"
"보도하다","報道-"
"보라색","-色"
"보람",""
"보름",""
"보리",""
"보살피다",""
"보상","補償"
"보수","保守"
"보수","補修"
"보수적","保守的"
"보안","保安"
"보완하다","補完-"
"보이다","보다'의 피동사"
"보이다","보다'의 사동사"
"보자기","褓-"
"보장","保障"
"보장되다","保障-"
"보장하다","保障-"
"보전","保全"
"보조","補助"
"보존","保存"
"보존하다","保存-"
"보충하다","補充-"
"보통","普通"
"보통","普通"
"보편적","普遍的"
"보험","保險"
"보호","保護"
"보호되다","保護-"
"보호하다","保護-"
"복","福"
"복도","複道"
"복사","複寫"
"복사기","複寫機"
"복사하다","複寫-"
"복숭아",""
"복습","復習"
"복습하다","復習-"
"복잡하다","複雜-"
"볶다",""
"볶음",""
"볶음밥",""
"본","本"
"본격적","本格的"
"본래","本來"
"본부","本部"
"본사","本社"
"본성","本性"
"본인","本人"
"본질","本質"
"볼","뺨"
"볼링","bowling"
"볼일",""
"볼펜","ball pen"
"봄",""
"봉사","奉仕"
"봉사하다","奉仕-"
"봉지","封紙"
"봉투","封套"
"뵈다","보이다"
"뵈다","웃어른을 보다"
"뵙다",""
"부","部"
"부","部"
"부","富"
"부근","附近"
"부끄러움",""
"부끄럽다",""
"부담","負擔"
"부담하다","負擔-"
"부대","部隊"
"부동산","不動産"
"부드럽다",""
"부딪치다",""
"부딪히다",""
"부러워하다",""
"부러지다",""
"부럽다",""
"부르다","이름을 ~"
"부르다","배가 ~"
"부모","父母"
"부모님","父母-"
"부문","部門"
"부부","夫婦"
"부분","部分"
"부분적","部分的"
"부산","釜山"
"부상","負傷"
"부서","部署"
"부서지다",""
"부엌",""
"부위","部位"
"부인","夫人"
"부인","婦人"
"부자","富者"
"부작용","副作用"
"부잣집","富者-"
"부장","部長"
"부재","不在"
"부정","不正"
"부정적","否定的"
"부정하다","否定-"
"부족","不足"
"부족","部族"
"부족하다","不足-"
"부지런하다",""
"부지런히",""
"부채",""
"부처","部處"
"부치다","편지를 ~"
"부친","父親"
"부탁","付託"
"부탁하다","付託-"
"부품","部品"
"부피",""
"부회장","副會長"
"북","北"
"북부","北部"
"북쪽","北-"
"북한","北韓"
"분","한 ~"
"분","시 ~"
"분노","憤怒"
"분량","分量"
"분리","分離"
"분리되다","分離-"
"분리하다","分離-"
"분명","分明"
"분명하다","分明-"
"분명해지다","分明-"
"분명히","分明-"
"분석","分析"
"분석하다","分析-"
"분야","分野"
"분위기","雰圍氣"
"분주하다","奔走-"
"분포하다","分布-"
"분필","粉筆"
"분홍색","粉紅色"
"불",""
"불가능하다","不可能-"
"불가피하다","不可避-"
"불고기",""
"불과","不過"
"불과하다","不過-"
"불교","佛敎"
"불구하다","不拘-"
"불꽃",""
"불다","바람이 ~"
"불러일으키다",""
"불리다","부르다'의 피동사"
"불리다","물에 ~"
"불리하다","不利-"
"불만","不滿"
"불법","不法"
"불법","佛法"
"불빛",""
"불쌍하다",""
"불안","不安"
"불안하다","不安-"
"불어오다",""
"불완전하다","不完全-"
"불이익","不利益"
"불편","不便"
"불편하다","不便-"
"불평","不平"
"불평등하다","不平等-"
"불필요하다","不必要-"
"불행","不幸"
"불행하다","不幸-"
"불확실하다","不確實-"
"붉다",""
"붐비다",""
"붓다","얼굴이 ~"
"붓다","물을 ~"
"붙다",""
"붙들다",""
"붙이다",""
"붙잡다",""
"붙잡히다",""
"브랜드","brand"
"블라우스","blouse"
"비","~가 내리다"
"비","碑"
"비교","比較"
"비교적","比較的"
"비교하다","比較-"
"비극","悲劇"
"비기다",""
"비난","非難"
"비누",""
"비닐","vinyl"
"비닐봉지","vinyl封紙"
"비다",""
"비둘기",""
"비디오","video"
"비로소",""
"비롯되다",""
"비롯하다",""
"비만","肥滿"
"비명","悲鳴"
"비밀","秘密"
"비바람",""
"비비다",""
"비빔밥",""
"비상","非常"
"비서","秘書"
"비슷하다",""
"비싸다",""
"비용","費用"
"비우다",""
"비웃다",""
"비율","比率"
"비중","比重"
"비추다",""
"비치다",""
"비키다",""
"비타민","vitamin"
"비판","批判"
"비판적","批判的"
"비판하다","批判-"
"비하다","比-"
"비행","非行"
"비행","飛行"
"비행기","飛行機"
"비행장","飛行場"
"빌다","소원을 ~"
"빌딩","building"
"빌리다",""
"빗","~으로 빗다"
"빗물",""
"빗방울",""
"빗줄기",""
"빚",""
"빛",""
"빛깔",""
"빛나다",""
"빠뜨리다",""
"빠르다",""
"빠져나가다",""
"빠져나오다",""
"빠지다","머리가 ~"
"빠지다","물에 ~"
"빨간색","-色"
"빨갛다",""
"빨다","젖을 ~"
"빨다","옷을 ~"
"빨래",""
"빨리",""
"빵",""
"빼놓다",""
"빼다","가시를 ~"
"빼앗기다",""
"빼앗다",""
"뺏다",""
"뺨",""
"뻔하다",""
"뻔하다",""
"뻗다",""
"뼈",""
"뽑다",""
"뽑히다",""
"뿌리",""
"뿌리다",""
"뿌리치다",""
"뿐",""
"사","四"
"사건","事件"
"사계절","四季節"
"사고","事故"
"사고","思考"
"사과","沙果"
"사과","謝過"
"사과하다","謝過-"
"사귀다",""
"사기","士氣"
"사나이",""
"사냥",""
"사다",""
"사들이다",""
"사라지다",""
"사람",""
"사랑",""
"사랑스럽다",""
"사랑하다",""
"사례","事例"
"사립","私立"
"사망","死亡"
"사망하다","死亡-"
"사모님","師母-"
"사무","事務"
"사무소","事務所"
"사무실","事務室"
"사무직","事務職"
"사물","事物"
"사방","四方"
"사상","史上"
"사생활","私生活"
"사설","社說"
"사소하다","些少-"
"사슴",""
"사실","事實"
"사실","事實"
"사실상","事實上"
"사십","四十"
"사업","事業"
"사업가","事業家"
"사업자","事業者"
"사용","使用"
"사용되다","使用-"
"사용자","使用者"
"사용하다","使用-"
"사원","社員"
"사월","四月"
"사위",""
"사이",""
"사이사이",""
"사이좋다",""
"사자","獅子"
"사장","社長"
"사전","事前"
"사전","辭典"
"사정","事情"
"사진","寫眞"
"사진기","寫眞機"
"사촌","四寸"
"사춘기","思春期"
"사탕","沙糖"
"사투리",""
"사표","辭表"
"사회","社會"
"사회생활","社會生活"
"사회자","司會者"
"사회적","社會的"
"사회주의","社會主義"
"사회학","社會學"
"사흘",""
"산","山"
"산길","山-"
"산부인과","産婦人科"
"산소","酸素"
"산속","山-"
"산업","産業"
"산책","散策"
"살","~을 빼다"
"살","한 ~"
"살다",""
"살리다",""
"살림",""
"살아가다",""
"살아나다",""
"살아남다",""
"살아오다",""
"살인","殺人"
"살짝",""
"살펴보다",""
"살피다",""
"삶",""
"삶다",""
"삼","三"
"삼가다",""
"삼계탕","蔘鷄湯"
"삼국","三國"
"삼다","친구로 ~"
"삼십","三十"
"삼월","三月"
"삼촌","三寸"
"삼키다",""
"상","上"
"상","床"
"상","像"
"상","賞"
"상관","相關"
"상관없다","相關-"
"상관없이","相關-"
"상금","賞金"
"상담","相談"
"상당","相當"
"상당수","相當數"
"상당하다","相當-"
"상당히","相當-"
"상대","相對"
"상대방","相對方"
"상대성","相對性"
"상대적","相對的"
"상대편","相對便"
"상류","上流"
"상반기","上半期"
"상상","想像"
"상상력","想像力"
"상상하다","想像-"
"상식","常識"
"상업","商業"
"상인","商人"
"상자","箱子"
"상점","商店"
"상징적","象徵的"
"상징하다","象徵-"
"상처","傷處"
"상추",""
"상쾌하다","爽快-"
"상태","狀態"
"상표","商標"
"상품","商品"
"상하다","傷-"
"상황","狀況"
"새","사이"
"새","날짐승"
"새",""
"새기다","문신을 ~"
"새끼","자식~"
"새다","비가 ~"
"새로",""
"새로이",""
"새롭다",""
"새벽",""
"새소리",""
"새우",""
"새우다","밤을 ~"
"새해",""
"색","色"
"색깔","色-"
"색다르다","色-"
"색연필","色鉛筆"
"샌드위치","sandwich"
"생","生"
"생각",""
"생각나다",""
"생각되다",""
"생각하다",""
"생겨나다",""
"생기","生氣"
"생기다",""
"생명","生命"
"생물","生物"
"생방송","生放送"
"생산","生産"
"생산되다","生産-"
"생산력","生産力"
"생산자","生産者"
"생산하다","生産-"
"생선","生鮮"
"생신","生辰"
"생일","生日"
"생활","生活"
"생활비","生活費"
"생활수준","生活水準"
"생활용품","生活用品"
"생활하다","生活-"
"생활환경","生活環境"
"샤워","shower"
"서구","西歐"
"서너",""
"서늘하다",""
"서다",""
"서두르다",""
"서랍",""
"서로",""
"서로",""
"서류","書類"
"서른",""
"서명","署名"
"서명하다","署名-"
"서민","庶民"
"서부","西部"
"서비스","service"
"서서히","徐徐-"
"서양","西洋"
"서양인","西洋人"
"서울",""
"서울역","-驛"
"서적","書籍"
"서점","書店"
"서쪽","西-"
"서클","circle"
"서투르다",""
"서툴다",""
"석","~ 달"
"석","席"
"석사","碩士"
"석유","石油"
"섞다",""
"섞이다",""
"선","線"
"선거","選擧"
"선명하다","鮮明-"
"선물","膳物"
"선물하다","膳物-"
"선배","先輩"
"선생","先生"
"선생님","先生-"
"선수","選手"
"선언하다","宣言-"
"선원","船員"
"선장","船長"
"선전","宣傳"
"선정하다","選定-"
"선진","先進"
"선진국","先進國"
"선택","選擇"
"선택하다","選擇-"
"선풍기","扇風機"
"선호하다","選好-"
"설거지",""
"설날",""
"설득하다","說得-"
"설렁탕","-湯"
"설립하다","設立-"
"설명","說明"
"설명되다","說明-"
"설명하다","說明-"
"설문","設問"
"설사","設使"
"설악산","雪嶽山"
"설치","設置"
"설치되다","設置-"
"설치하다","設置-"
"설탕","雪糖"
"섬",""
"섭섭하다",""
"섭씨","攝氏"
"성","姓"
"성","性"
"성","城"
"성격","性格"
"성경","聖經"
"성공","成功"
"성공적","成功的"
"성공하다","成功-"
"성당","聖堂"
"성립되다","成立-"
"성립하다","成立-"
"성명","聲明"
"성별","性別"
"성숙하다","成熟-"
"성실하다","誠實-"
"성인","成人"
"성장","成長"
"성장하다","成長-"
"성적","性的"
"성적","成績"
"성질","性質"
"성함","姓銜"
"세","~ 권"
"세","世"
"세","歲"
"세계","世界"
"세계관","世界觀"
"세계적","世界的"
"세금","稅金"
"세기","世紀"
"세다","돈을 ~"
"세다","기운이 ~"
"세대","世代"
"세련되다","洗練-"
"세로",""
"세미나","seminar"
"세상","世上"
"세상에","世上-"
"세수","洗手"
"세우다",""
"세워지다",""
"세월","歲月"
"세제","洗劑"
"세종대왕","世宗大王"
"세탁","洗濯"
"세탁기","洗濯機"
"세탁소","洗濯所"
"세트","set"
"섹시하다","sexy-"
"센터","center"
"센티미터","centimeter"
"셈",""
"셋",""
"셋째",""
"셋째",""
"소","동물"
"소개","紹介"
"소개되다","紹介-"
"소개하다","紹介-"
"소규모","小規模"
"소극적","消極的"
"소금",""
"소나기",""
"소나무",""
"소녀","少女"
"소년","少年"
"소득","所得"
"소리",""
"소리치다",""
"소망","所望"
"소매",""
"소문","所聞"
"소문나다","所聞-"
"소박하다","素朴-"
"소비","消費"
"소비자","消費者"
"소비하다","消費-"
"소설","小說"
"소설가","小說家"
"소속","所屬"
"소수","少數"
"소스","sauce"
"소시지","sausage"
"소식","消息"
"소아과","小兒科"
"소요되다","所要-"
"소용","所用"
"소용없다","所用-"
"소원","所願"
"소위","所謂"
"소유","所有"
"소유자","所有者"
"소유하다","所有-"
"소음","騷音"
"소재","素材"
"소주","燒酒"
"소중하다","所重-"
"소중히","所重-"
"소지품","所持品"
"소질","素質"
"소파","sofa"
"소포","小包"
"소풍","逍風"
"소프트웨어","software"
"소형","小型"
"소홀히","疏忽-"
"소화","消化"
"소화하다","消化-"
"속",""
"속담","俗談"
"속도","速度"
"속마음",""
"속삭이다",""
"속상하다","-傷-"
"속옷",""
"속이다",""
"속하다","屬-"
"손","신체의 일부"
"손가락",""
"손길",""
"손녀","孫女"
"손님",""
"손등",""
"손목",""
"손바닥",""
"손발",""
"손뼉",""
"손수",""
"손수건","-手巾"
"손쉽다",""
"손실","損失"
"손자","孫子"
"손잡다",""
"손잡이",""
"손질",""
"손질하다",""
"손톱",""
"손해","損害"
"솔직하다","率直-"
"솔직히","率直-"
"솜",""
"솜씨",""
"솟다",""
"송아지",""
"송이","꽃 한 ~"
"송편","松-"
"쇠",""
"쇠고기",""
"쇼","show"
"쇼핑","shopping"
"수","방법"
"수","방법"
"수","數. ~를 세다"
"수건","手巾"
"수고",""
"수고하다",""
"수년","數年"
"수단","手段"
"수도","首都"
"수도권","首都圈"
"수도꼭지","水道-"
"수돗물","水道-"
"수동적","受動的"
"수리하다","修理-"
"수만","數萬"
"수많다","數-"
"수면","睡眠"
"수명","壽命"
"수박","과일"
"수백","數百"
"수상","首相"
"수석","首席"
"수술","手術"
"수시로","隨時-"
"수십","數十"
"수업","修業"
"수업","授業"
"수없이","數-"
"수염","鬚髥"
"수영","水泳"
"수영장","水泳場"
"수요","需要"
"수요일","水曜日"
"수입","收入"
"수입","輸入"
"수입되다","輸入-"
"수입품","輸入品"
"수입하다","輸入-"
"수저",""
"수준","水準"
"수집","蒐集"
"수집하다","蒐集-"
"수천","數千"
"수출","輸出"
"수출하다","輸出-"
"수컷",""
"수표","手票"
"수필","隨筆"
"수학","修學"
"수학","數學"
"수행하다","遂行-"
"수험생","受驗生"
"수화기","受話器"
"숙녀","淑女"
"숙소","宿所"
"숙이다",""
"숙제","宿題"
"순간","瞬間"
"순간적","瞬間的"
"순서","順序"
"순수","純粹"
"순수하다","純粹-"
"순식간","瞬息間"
"순위","順位"
"순진하다","純眞-"
"순하다","順-"
"숟가락",""
"술","~을 먹다"
"술","밥 한 ~"
"술병","-甁"
"술자리",""
"술잔","-盞"
"술집",""
"숨",""
"숨기다",""
"숨다",""
"숨지다",""
"숫자","數字"
"숲",""
"쉬다","편안히 ~"
"쉬다","숨을 ~"
"쉰",""
"쉽다",""
"슈퍼마켓","supermarket"
"스님",""
"스무",""
"스물",""
"스스로",""
"스스로",""
"스승",""
"스웨터","sweater"
"스위치","switch"
"스치다","살짝 닿다"
"스케이트","skate"
"스케줄","schedule"
"스키","ski"
"스키장","ski場"
"스타","star"
"스타일","style"
"스튜디오","studio"
"스트레스","stress"
"스포츠","sports"
"슬그머니",""
"슬쩍",""
"슬퍼하다",""
"슬프다",""
"슬픔",""
"습관","習慣"
"습기","濕氣"
"승객","乘客"
"승리","勝利"
"승리하다","勝利-"
"승부","勝負"
"승용차","乘用車"
"승진","昇進"
"시","市"
"시","時"
"시","詩"
"시각","時刻"
"시각","視角"
"시간","時間"
"시간","時間"
"시계","時計"
"시골",""
"시금치",""
"시기","時期"
"시기","時機"
"시끄럽다",""
"시나리오","scenario"
"시내","市內"
"시내버스","市內bus"
"시대","時代"
"시대적","時代的"
"시댁","媤宅"
"시도","試圖"
"시도하다","試圖-"
"시들다",""
"시디","콤팩트디스크"
"시디롬","CD-ROM"
"시리즈","series"
"시멘트","cement"
"시민","市民"
"시부모","媤父母"
"시선","視線"
"시설","施設"
"시스템","system"
"시아버지","媤-"
"시야","視野"
"시어머니","媤-"
"시외","市外"
"시외버스","市外bus"
"시원하다",""
"시월","十月"
"시위","示威"
"시인","詩人"
"시일","時日"
"시작","始作"
"시작되다","始作-"
"시작하다","始作-"
"시장","市長"
"시장","市場"
"시절","時節"
"시점","時點"
"시중","市中"
"시즌","season"
"시집","媤-"
"시집","詩集"
"시집가다","媤-"
"시청","市廳"
"시청률","視聽率"
"시청자","視聽者"
"시키다",""
"시합","試合"
"시험","試驗"
"식","式"
"식구","食口"
"식기","食器"
"식다",""
"식당","食堂"
"식량","食糧"
"식료품","食料品"
"식물","植物"
"식빵","食-"
"식사","食事"
"식사하다","食事-"
"식생활","食生活"
"식욕","食慾"
"식용유","食用油"
"식초","食醋"
"식탁","食卓"
"식품","食品"
"식품점","食品店"
"식히다",""
"신","~이 나다"
"신","神"
"신경","神經"
"신고","申告"
"신고하다","申告-"
"신규","新規"
"신기하다","神奇-"
"신기하다","新奇-"
"신념","信念"
"신다",""
"신라","新羅"
"신랑","新郞"
"신문","新聞"
"신문사","新聞社"
"신문지","新聞紙"
"신발",""
"신부","神父"
"신부","新婦"
"신분","身分"
"신비","神秘"
"신사","紳士"
"신선하다","新鮮-"
"신설","新設"
"신세","~를 망치다"
"신세대","新世代"
"신속하다","迅速-"
"신용","信用"
"신인","新人"
"신입생","新入生"
"신제품","新製品"
"신중하다","愼重-"
"신청","申請"
"신청서","申請書"
"신청하다","申請-"
"신체","身體"
"신체적","身體的"
"신호","信號"
"신호등","信號燈"
"신혼부부","新婚夫婦"
"신혼여행","新婚旅行"
"신화","神話"
"싣다",""
"실","~을 감다"
"실감","實感"
"실내","室內"
"실력","實力"
"실례","失禮"
"실례하다","失禮-"
"실로","實-"
"실리다","싣다'의 피동사"
"실망","失望"
"실망하다","失望-"
"실수","失手"
"실수하다","失手-"
"실습","實習"
"실시","實施"
"실시되다","實施-"
"실시하다","實施-"
"실은","實-"
"실장","室長"
"실정","實情"
"실제","實際"
"실제","實際"
"실제로","實際-"
"실질적","實質的"
"실천","實踐"
"실천하다","實踐-"
"실체","實體"
"실컷",""
"실태","實態"
"실패","失敗"
"실패하다","失敗-"
"실험","實驗"
"실현","實現"
"실현되다","實現-"
"실현하다","實現-"
"싫다",""
"싫어지다",""
"싫어하다",""
"심각하다","深刻-"
"심각해지다","深刻-"
"심다",""
"심리","心理"
"심리적","心理的"
"심부름",""
"심사","審査"
"심심하다","지루하다"
"심장","心臟"
"심정","心情"
"심판","審判"
"심하다","甚-"
"심해지다","甚-"
"십","十"
"십이월","十二月"
"십일월","十一月"
"싱겁다",""
"싱싱하다",""
"싶다",""
"싶어지다",""
"싸구려",""
"싸다","보자기에 ~"
"싸다","집값이 ~"
"싸우다",""
"싸움",""
"싹",""
"싼값",""
"쌀",""
"쌍","雙"
"쌍둥이","雙-"
"쌓다",""
"쌓이다",""
"썩",""
"썩다",""
"썰다",""
"썰렁하다",""
"쏘다",""
"쏟다",""
"쏟아지다",""
"쓰다","글씨를 ~"
"쓰다","모자를 ~"
"쓰다","약을 ~"
"쓰다","나물이 ~"
"쓰다듬다",""
"쓰러지다",""
"쓰레기",""
"쓰레기통","-桶"
"쓰이다","글이 ~"
"쓰이다","농사에 기계가 ~"
"쓴맛",""
"쓸다","마당을 ~"
"쓸데없다",""
"쓸데없이",""
"쓸쓸하다",""
"씌우다","아이에게 모자를 ~"
"씨","~를 심다"
"씨","氏"
"씨름",""
"씨앗",""
"씩씩하다",""
"씹다",""
"씻기다","비에 ~"
"씻기다","아이를 ~"
"씻다",""
"아",""
"아가씨",""
"아기",""
"아까",""
"아까",""
"아깝다",""
"아끼다",""
"아나운서","announcer"
"아내",""
"아냐",""
"아뇨",""
"아니",""
"아니",""
"아니다",""
"아니야",""
"아니요",""
"아니하다",""
"아드님",""
"아들",""
"아래",""
"아래쪽",""
"아래층","-層"
"아랫사람",""
"아르바이트","&독Arbeit"
"아름답다",""
"아마",""
"아마도",""
"아무",""
"아무",""
"아무개",""
"아무것",""
"아무래도",""
"아무런",""
"아무렇다",""
"아무리",""
"아무튼",""
"아버님",""
"아버지",""
"아빠",""
"아쉬움",""
"아쉽다",""
"아스팔트","asphalt"
"아시아","Asia"
"아아",""
"아예",""
"아울러",""
"아유",""
"아이",""
"아이",""
"아이고",""
"아이디어","idea"
"아이스크림","ice-cream"
"아저씨",""
"아주",""
"아주머니",""
"아줌마",""
"아직",""
"아침",""
"아파트","apartment"
"아프다",""
"아프리카","Africa"
"아픔",""
"아하",""
"아홉",""
"아흔",""
"악기","樂器"
"악몽","惡夢"
"악수","握手"
"안","집 ~"
"안","아니"
"안","案"
"안개",""
"안경","眼鏡"
"안과","眼科"
"안기다","안다'의 피동사"
"안기다","안다'의 사동사"
"안내","案內"
"안내하다","案內-"
"안녕","安寧"
"안녕하다","安寧-"
"안녕히","安寧-"
"안다",""
"안동","安東"
"안되다","공부가 ~"
"안되다","마음이 언짢다"
"안방","-房"
"안부","安否"
"안심하다","安心-"
"안전","安全"
"안전하다","安全-"
"안정","安定"
"안정되다","安定-"
"안주","按酒"
"안쪽",""
"안타깝다",""
"안팎",""
"앉다",""
"앉히다",""
"않다",""
"않다",""
"알",""
"알다",""
"알려지다",""
"알루미늄","aluminium"
"알리다",""
"알맞다",""
"알아내다",""
"알아듣다",""
"알아보다",""
"알아주다",""
"알코올","alcohol"
"앓다",""
"암","癌"
"암시","暗示"
"암컷",""
"압력","壓力"
"앞",""
"앞길","앞에 있는 길"
"앞날",""
"앞두다",""
"앞뒤",""
"앞문","-門"
"앞바다",""
"앞서",""
"앞서다",""
"앞세우다",""
"앞장서다",""
"앞쪽",""
"애","~가 타다"
"애","아이"
"애쓰다",""
"애인","愛人"
"애정","愛情"
"애초","-初"
"액세서리","accessory"
"액수","額數"
"앨범","album"
"야",""
"야간","夜間"
"야구","野球"
"야구장","野球場"
"야단","惹端"
"야옹",""
"야외","野外"
"야채","野菜"
"야하다","冶-"
"약","~이 오르다"
"약","約"
"약","藥"
"약간","若干"
"약간","若干"
"약국","藥局"
"약속","約束"
"약속하다","約束-"
"약수","藥水"
"약점","弱點"
"약품","藥品"
"약하다","弱-"
"약해지다","弱-"
"약혼녀","約婚女"
"약혼자","約婚者"
"얄밉다",""
"얇다",""
"양","羊"
"양","兩"
"양","量"
"양","孃"
"양국","兩國"
"양념",""
"양력","陽曆"
"양말","洋襪"
"양배추","洋-"
"양보","讓步"
"양보하다","讓步-"
"양복","洋服"
"양상추","洋-"
"양식","洋食"
"양식","樣式"
"양심","良心"
"양옆","兩-"
"양주","洋酒"
"양쪽","兩-"
"양파","洋-"
"얕다",""
"얘",""
"얘","이 아이"
"얘기","이야기"
"얘기하다",""
"어",""
"어기다",""
"어깨",""
"어느",""
"어느덧",""
"어느새",""
"어두워지다",""
"어둠",""
"어둡다",""
"어디",""
"어디",""
"어때","어떠해"
"어떠하다",""
"어떡하다","어떠하게 하다"
"어떤",""
"어떻다",""
"어려움",""
"어려워지다",""
"어렵다",""
"어른",""
"어리다","눈물이 ~"
"어리다","나이가 적다"
"어리석다",""
"어린아이",""
"어린애",""
"어린이",""
"어린이날",""
"어머",""
"어머니",""
"어머님",""
"어색하다","語塞-"
"어서",""
"어울리다",""
"어저께",""
"어제",""
"어제","어저께"
"어젯밤",""
"어지럽다",""
"어째서","어찌하여서"
"어쨌든",""
"어쩌다",""
"어쩌다",""
"어쩌다가",""
"어쩌면",""
"어쩐지",""
"어쩜",""
"어찌",""
"어찌나",""
"어찌하다",""
"억","億"
"억울하다","抑鬱-"
"언니",""
"언덕",""
"언론","言論"
"언어","言語"
"언제",""
"언제",""
"언제나",""
"언젠가",""
"얹다",""
"얻다",""
"얻어먹다",""
"얼굴",""
"얼다",""
"얼른",""
"얼리다","물을 ~"
"얼마",""
"얼마간","-間"
"얼마나",""
"얼음",""
"얼핏",""
"엄격하다","嚴格-"
"엄마",""
"엄숙하다","嚴肅-"
"엄청나다",""
"업다",""
"업무","業務"
"업종","業種"
"업체","業體"
"없다",""
"없애다",""
"없어지다",""
"없이",""
"엇갈리다",""
"엉덩이",""
"엉뚱하다",""
"엉망",""
"엉터리",""
"엊그제",""
"엎드리다",""
"에",""
"에너지","energy"
"에어컨","air conditioner"
"엔","&일en"
"엔진","engine"
"엘리베이터","elevator"
"여","女"
"여가","餘暇"
"여간","如干"
"여건","與件"
"여겨지다",""
"여고생","女高生"
"여관","旅館"
"여군","女軍"
"여권","旅券"
"여기",""
"여기다",""
"여기저기",""
"여대생","女大生"
"여덟",""
"여동생","女同生"
"여든",""
"여러",""
"여러분",""
"여럿",""
"여론","輿論"
"여름",""
"여름철",""
"여보",""
"여보세요",""
"여섯",""
"여성","女性"
"여왕","女王"
"여우","동물"
"여유","餘裕"
"여인","女人"
"여자","女子"
"여전하다","如前-"
"여전히","如前-"
"여직원","女職員"
"여쭈다",""
"여학생","女學生"
"여행","旅行"
"여행사","旅行社"
"여행하다","旅行-"
"역","役"
"역","驛"
"역사","歷史"
"역사가","歷史家"
"역사상","歷史上"
"역사적","歷史的"
"역사학","歷史學"
"역시","亦是"
"역할","役割"
"연간","年間"
"연결","連結"
"연결되다","連結-"
"연결하다","連結-"
"연관","聯關"
"연구","硏究"
"연구소","硏究所"
"연구실","硏究室"
"연구원","硏究員"
"연구자","硏究者"
"연구하다","硏究-"
"연극","演劇"
"연기","延期"
"연기","煙氣"
"연기","演技"
"연기되다","延期-"
"연기자","演技者"
"연기하다","延期-"
"연두색","軟豆色"
"연락","連絡"
"연락처","連絡處"
"연락하다","連絡-"
"연령","年齡"
"연말","年末"
"연상하다","聯想-"
"연설","演說"
"연세","年歲"
"연속","連續"
"연습","練習"
"연습하다","練習-"
"연애","戀愛"
"연예인","演藝人"
"연인","戀人"
"연장","延長"
"연주","演奏"
"연출","演出"
"연출하다","演出-"
"연필","鉛筆"
"연하다","軟-"
"연합","聯合"
"연휴","連休"
"열",""
"열","熱"
"열기","熱氣"
"열다","문을 ~"
"열리다","열매가 ~"
"열리다","문이 ~"
"열매",""
"열쇠",""
"열심히","熱心-"
"열정","熱情"
"열중하다","熱中-"
"열차","列車"
"열흘",""
"엷다",""
"염려","念慮"
"염려하다","念慮-"
"엽서","葉書"
"엿보다",""
"영","~ 딴판이다"
"영국","英國"
"영남","嶺南"
"영상","映像"
"영상","零上"
"영양","營養"
"영어","英語"
"영업","營業"
"영역","領域"
"영웅","英雄"
"영원하다","永遠-"
"영원히","永遠-"
"영하","零下"
"영향","影響"
"영향력","影響力"
"영혼","靈魂"
"영화","映畵"
"영화관","映畵館"
"영화배우","映畵俳優"
"영화제","映畵祭"
"옆",""
"옆구리",""
"옆방","-房"
"옆집",""
"예","~나 지금이나"
"예",""
"예","例"
"예감","豫感"
"예고하다","豫告-"
"예금","預金"
"예매하다","豫買-"
"예방","豫防"
"예방하다","豫防-"
"예보","豫報"
"예비","豫備"
"예쁘다",""
"예산","豫算"
"예상","豫想"
"예상되다","豫想-"
"예상하다","豫想-"
"예선","豫選"
"예순",""
"예술","藝術"
"예술가","藝術家"
"예술적","藝術的"
"예습","豫習"
"예습하다","豫習-"
"예식장","禮式場"
"예약","豫約"
"예약하다","豫約-"
"예외","例外"
"예의","禮儀"
"예전",""
"예절","禮節"
"예정","豫定"
"예정되다","豫定-"
"예측하다","豫測-"
"예컨대","例-"
"옛",""
"옛날",""
"옛날이야기",""
"오",""
"오","五"
"오가다",""
"오늘",""
"오늘",""
"오늘날",""
"오다",""
"오다",""
"오락","娛樂"
"오래",""
"오래간만",""
"오래도록",""
"오래되다",""
"오래전","-前"
"오랜",""
"오랜만",""
"오랫동안",""
"오렌지","orange"
"오로지",""
"오르내리다",""
"오르다",""
"오른발",""
"오른손",""
"오른쪽",""
"오리","동물"
"오븐","oven"
"오빠",""
"오십","五十"
"오염","汚染"
"오염되다","汚染-"
"오월","五月"
"오이",""
"오전","午前"
"오직",""
"오징어",""
"오페라","opera"
"오피스텔","office hotel"
"오해","誤解"
"오후","午後"
"오히려",""
"옥상","屋上"
"옥수수",""
"온",""
"온갖",""
"온도","溫度"
"온돌","溫突"
"온라인","on-line"
"온몸",""
"온종일","-終日"
"온통",""
"올","올해"
"올","올해"
"올가을",""
"올라가다",""
"올라서다",""
"올라오다",""
"올라타다",""
"올려놓다",""
"올려다보다",""
"올리다",""
"올림픽","Olympic"
"올바르다",""
"올여름",""
"올해",""
"옮기다",""
"옳다",""
"옷",""
"옷차림",""
"와",""
"와이셔츠","white shirts"
"와인","wine"
"완벽하다","完璧-"
"완성","完成"
"완성되다","完成-"
"완성하다","完成-"
"완전","完全"
"완전하다","完全-"
"완전히","完全-"
"왕","王"
"왕비","王妃"
"왕자","王子"
"왜",""
"왜냐하면",""
"왠지",""
"외","外"
"외갓집","外家-"
"외과","外科"
"외교","外交"
"외교관","外交官"
"외국","外國"
"외국어","外國語"
"외국인","外國人"
"외다","주문을 ~"
"외로움",""
"외롭다",""
"외면하다","外面-"
"외모","外貌"
"외부","外部"
"외삼촌","外三寸"
"외아들",""
"외우다",""
"외제","外製"
"외출","外出"
"외출하다","外出-"
"외치다",""
"외침",""
"외할머니","外-"
"외할아버지","外-"
"왼발",""
"왼손",""
"왼쪽",""
"요","~ 근방"
"요구","要求"
"요구되다","要求-"
"요구하다","要求-"
"요금","料金"
"요리","料理"
"요리사","料理師"
"요리하다","料理-"
"요새",""
"요약하다","要約-"
"요일","曜日"
"요즈음",""
"요즘",""
"요청","要請"
"요청하다","要請-"
"욕","辱"
"욕실","浴室"
"욕심","欲心"
"욕하다","辱-"
"용","龍"
"용감하다","勇敢-"
"용기","勇氣"
"용기","容器"
"용도","用途"
"용돈","用-"
"용서","容恕"
"용서하다","容恕-"
"용어","用語"
"우려","憂慮"
"우리",""
"우리나라",""
"우리말",""
"우산","雨傘"
"우선","于先"
"우수하다","優秀-"
"우습다",""
"우승","優勝"
"우승하다","優勝-"
"우아하다","優雅-"
"우연히","偶然-"
"우울하다","憂鬱-"
"우유","牛乳"
"우정","友情"
"우주","宇宙"
"우체국","郵遞局"
"우편","郵便"
"우표","郵票"
"운","運"
"운동","運動"
"운동복","運動服"
"운동장","運動場"
"운동하다","運動-"
"운동화","運動靴"
"운명","運命"
"운반","運搬"
"운영하다","運營-"
"운전","運轉"
"운전기사","運轉技士"
"운전사","運轉士"
"운전자","運轉者"
"운전하다","運轉-"
"운행","運行"
"울다","울음을 ~"
"울리다","종이 ~"
"울리다","아기를 ~"
"울산","蔚山"
"울음",""
"울음소리",""
"움직이다",""
"움직임",""
"웃기다",""
"웃다",""
"웃어른",""
"웃음",""
"웃음소리",""
"워낙",""
"원","화폐 단위"
"원",""
"원","圓. ~을 그리다"
"원고","原稿"
"원래","元來"
"원서","願書"
"원숭이",""
"원인","原因"
"원장","院長"
"원피스","one-piece"
"원하다","願-"
"월","月"
"월급","月給"
"월드컵","World Cup"
"월세","月貰"
"월요일","月曜日"
"웨이터","waiter"
"웬",""
"웬만하다",""
"웬일",""
"위","~아래"
"위","位"
"위","胃"
"위기","危機"
"위대하다","偉大-"
"위로","慰勞"
"위로하다","慰勞-"
"위반","違反"
"위반하다","違反-"
"위법","違法"
"위성","衛星"
"위아래",""
"위원","委員"
"위원장","委員長"
"위주","爲主"
"위쪽",""
"위층","-層"
"위치","位置"
"위치하다","位置-"
"위하다","爲-"
"위험","危險"
"위험성","危險性"
"위험하다","危險-"
"위협","威脅"
"윗몸",""
"윗사람",""
"유교","儒敎"
"유난히",""
"유능하다","有能-"
"유럽","Europe"
"유리","琉璃"
"유리창","琉璃窓"
"유리하다","有利-"
"유머","humor"
"유명","有名"
"유명하다","有名-"
"유물","遺物"
"유발하다","誘發-"
"유사하다","類似-"
"유산","遺産"
"유월","六月"
"유의하다","留意-"
"유적","遺跡"
"유적지","遺跡地"
"유지되다","維持-"
"유지하다","維持-"
"유치원","幼稚園"
"유학","留學"
"유학","儒學"
"유학생","留學生"
"유행","流行"
"유행하다","流行-"
"유형","類型"
"육","六"
"육군","陸軍"
"육상","陸上"
"육십","六十"
"육체","肉體"
"육체적","肉體的"
"으레",""
"으응",""
"은","銀"
"은은하다","隱隱-"
"은행","銀行"
"은행나무","銀杏-"
"음",""
"음력","陰曆"
"음료","飮料"
"음료수","飮料水"
"음반","音盤"
"음성","音聲"
"음식","飮食"
"음식물","飮食物"
"음식점","飮食店"
"음악","音樂"
"음악가","音樂家"
"음주","飮酒"
"응",""
"응답하다","應答-"
"의견","意見"
"의논","議論"
"의논하다","議論-"
"의도","意圖"
"의도적","意圖的"
"의류","衣類"
"의무","義務"
"의문","疑問"
"의미","意味"
"의미하다","意味-"
"의복","衣服"
"의사","意思"
"의사","醫師"
"의식","意識"
"의식","儀式"
"의식하다","意識-"
"의심","疑心"
"의심하다","疑心-"
"의외로","意外-"
"의욕","意欲"
"의원","議員"
"의자","椅子"
"의존하다","依存-"
"의지","意志"
"의지하다","依支-"
"의하다","依-"
"의학","醫學"
"이","신체"
"이",""
"이",""
"이",""
"이","二"
"이같이",""
"이거",""
"이것",""
"이것저것",""
"이곳",""
"이곳저곳",""
"이기다","적에게 ~"
"이끌다",""
"이날",""
"이내",""
"이내","以內"
"이념","理念"
"이놈",""
"이다음",""
"이달",""
"이대로",""
"이데올로기","&독Ideologie"
"이동","移動"
"이동하다","移動-"
"이따가",""
"이따금",""
"이때",""
"이래","以來"
"이래서","이리하여서"
"이러다",""
"이러하다",""
"이런",""
"이런저런",""
"이렇게","이러하게"
"이렇다",""
"이력서","履歷書"
"이론적","理論的"
"이롭다","利-"
"이루다",""
"이루어지다",""
"이룩하다",""
"이뤄지다",""
"이르다","도착하다"
"이르다","말하다"
"이르다","빠르다"
"이름",""
"이리","~ 오너라"
"이리저리","~ 돌아다니다"
"이마",""
"이모","姨母"
"이미",""
"이미지","image"
"이민","移民"
"이발소","理髮所"
"이번","-番"
"이별","離別"
"이분",""
"이불",""
"이빨",""
"이사","移徙"
"이사장","理事長"
"이사하다","移徙-"
"이상","以上"
"이상","理想"
"이상","異常"
"이상적","理想的"
"이상하다","異常-"
"이성","理性"
"이성","異性"
"이슬",""
"이십","二十"
"이야기",""
"이야기하다",""
"이어",""
"이어서",""
"이어지다",""
"이외","以外"
"이용","利用"
"이용되다","利用-"
"이용자","利用者"
"이용하다","利用-"
"이웃",""
"이웃집",""
"이월","二月"
"이유","理由"
"이윽고",""
"이익","利益"
"이자","利子"
"이전","以前"
"이제",""
"이제",""
"이제야",""
"이중","二重"
"이쪽",""
"이튿날",""
"이틀","시간"
"이하","以下"
"이해","利害"
"이해","理解"
"이해관계","利害關係"
"이해되다","理解-"
"이해하다","理解-"
"이혼","離婚"
"이혼하다","離婚-"
"이후","以後"
"익다","감이 ~"
"익다","손에 ~"
"익숙하다",""
"익숙해지다",""
"익히다","고기를 ~"
"익히다","기술을 ~"
"인","人"
"인간","人間"
"인간관계","人間關係"
"인간성","人間性"
"인간적","人間的"
"인격","人格"
"인공","人工"
"인구","人口"
"인근","隣近"
"인기","人氣"
"인도","보도"
"인류","人類"
"인물","人物"
"인분80","人分. 3~"
"인사","人士"
"인사","人事"
"인사","人事"
"인사말","人事-"
"인사하다","人事-"
"인삼","人蔘"
"인삼차","人蔘茶"
"인상","人相"
"인상","引上"
"인상","印象"
"인상적","印象的"
"인생","人生"
"인쇄","印刷"
"인식하다","認識-"
"인연","因緣"
"인원","人員"
"인재","人材"
"인정되다","認定-"
"인정받다","認定-"
"인정하다","認定-"
"인제",""
"인제",""
"인종","人種"
"인천","仁川"
"인천공항","仁川空港"
"인체","人體"
"인터넷","internet"
"인터뷰","interview"
"인하","引下"
"인하다","因-"
"인형","人形"
"일",""
"일","一"
"일","하루"
"일곱",""
"일기","日氣"
"일기","日記"
"일단","一旦"
"일대","一大"
"일등","一等"
"일반","一般"
"일반인","一般人"
"일반적","一般的"
"일본","日本"
"일본어","日本語"
"일부","一部"
"일부러",""
"일상","日常"
"일상생활","日常生活"
"일상적","日常的"
"일생","一生"
"일손",""
"일시적","一時的"
"일식","日食. 일본 음식"
"일쑤",""
"일어나다",""
"일어서다",""
"일요일","日曜日"
"일월","一月"
"일으키다",""
"일일이","一一-"
"일자","日子"
"일자리",""
"일정","日程"
"일정하다","一定-"
"일종","一種"
"일주일","一週日"
"일찍",""
"일찍이",""
"일체","一切"
"일치","一致"
"일치하다","一致-"
"일하다",""
"일행","一行"
"일회용","一回用"
"일회용품","一回用品"
"일흔",""
"읽다",""
"읽히다","읽다'의 피동사"
"잃다",""
"잃어버리다",""
"임금",""
"임금","賃金"
"임무","任務"
"임시","臨時"
"임신","妊娠"
"임신부","妊娠婦"
"임신하다","妊娠-"
"입",""
"입구","入口"
"입국","入國"
"입다","옷을 ~"
"입대","入隊"
"입력","入力"
"입력하다","入力-"
"입맛",""
"입사","入社"
"입사하다","入社-"
"입술",""
"입시","入試"
"입원","入院"
"입원하다","入院-"
"입장","立場"
"입학","入學"
"입학하다","入學-"
"입히다",""
"잇다",""
"잇따르다",""
"있다",""
"있다",""
"있다",""
"잊다",""
"잊어버리다",""
"잊혀지다",""
"잎",""
"자","~로 재다"
"자",""
"자","字. 이름 석 ~"
"자","者"
"자가용","自家用"
"자격","資格"
"자격증","資格證"
"자극","刺戟"
"자극하다","刺戟-"
"자기","自己"
"자기","自己"
"자꾸",""
"자꾸만",""
"자네",""
"자녀","子女"
"자다",""
"자동","自動"
"자동차","自動車"
"자라나다",""
"자라다","커지다"
"자랑",""
"자랑스럽다",""
"자랑하다",""
"자료","資料"
"자르다",""
"자리","~가 없다"
"자리","~를 깔다"
"자매","姉妹"
"자부심","自負心"
"자살","自殺"
"자살하다","自殺-"
"자세","姿勢"
"자세하다","仔細-"
"자세히","仔細-"
"자식","子息"
"자신","自身"
"자신","自信"
"자신감","自信感"
"자연","自然"
"자연스럽다","自然-"
"자연적","自然的"
"자연현상","自然現象"
"자연환경","自然環境"
"자연히","自然-"
"자원","資源"
"자유","自由"
"자유롭다","自由-"
"자율","自律"
"자장면","&중Zhajiangmian"
"자전거","自轉車"
"자정","子正"
"자존심","自尊心"
"자주",""
"자체","自體"
"자취",""
"자판","字板"
"자판기","自販機"
"작가","作家"
"작년","昨年"
"작다",""
"작성","作成"
"작성하다","作成-"
"작아지다",""
"작업","作業"
"작용","作用"
"작용하다","作用-"
"작은딸",""
"작은아들",""
"작은아버지",""
"작은어머니",""
"작품","作品"
"잔","盞"
"잔디",""
"잔디밭",""
"잔뜩",""
"잔치",""
"잘",""
"잘나다",""
"잘되다",""
"잘리다",""
"잘못",""
"잘못",""
"잘못되다",""
"잘못하다",""
"잘살다",""
"잘생기다",""
"잘하다",""
"잠",""
"잠그다","서랍을 ~"
"잠기다","물에 ~"
"잠깐",""
"잠깐",""
"잠들다",""
"잠바","jumper"
"잠수함","潛水艦"
"잠시","暫時"
"잠시","暫時"
"잠옷",""
"잠자다",""
"잠자리","~를 바꾸다"
"잠자리","곤충"
"잡다",""
"잡수다",""
"잡수시다",""
"잡아당기다",""
"잡아먹다",""
"잡지","雜誌"
"잡히다","잡다'의 피동사"
"장","張. 종이 한 ~"
"장","章"
"장가","~가다"
"장갑","掌匣"
"장관","長官"
"장군","將軍"
"장기간","長期間"
"장기적","長期的"
"장난",""
"장난감",""
"장남","長男"
"장래","將來"
"장례","葬禮"
"장례식","葬禮式"
"장르","&프genre"
"장마",""
"장면","場面"
"장모","丈母"
"장모님","丈母-"
"장미","薔薇"
"장비","裝備"
"장사",""
"장사꾼",""
"장소","場所"
"장수","사과 ~"
"장식","裝飾"
"장애인","障碍人"
"장인","丈人"
"장점","長點"
"장차","將次"
"장학금","奬學金"
"잦다","왕래가 ~"
"재능","才能"
"재다","저울로 ~"
"재료","材料"
"재미",""
"재미없다",""
"재미있다",""
"재밌다","재미있다"
"재빨리",""
"재산","財産"
"재생","再生"
"재수","財數"
"재우다","고기를 양념에 ~"
"재작년","再昨年"
"재정","財政"
"재주",""
"재즈","jazz"
"재채기",""
"재판","裁判"
"재학","在學"
"재활용","再活用"
"재활용품","再活用品"
"쟤","저 아이"
"저","일인칭 대명사"
"저","멀리 있는 대상"
"저","멀리 있는 대상"
"저",""
"저거",""
"저것",""
"저고리",""
"저곳",""
"저기",""
"저기",""
"저녁",""
"저녁때",""
"저러다",""
"저런",""
"저런",""
"저렇게","저러하게"
"저렇다",""
"저리","저곳으로"
"저마다",""
"저번","這番"
"저울",""
"저자","著者"
"저절로",""
"저지르다",""
"저쪽",""
"저축","貯蓄"
"저편","-便"
"저희",""
"적",""
"적","敵"
"적극","積極"
"적극적","積極的"
"적다","답을 ~"
"적다","경험이 ~"
"적당하다","適當-"
"적당히","適當-"
"적성","適性"
"적어도",""
"적어지다",""
"적용","適用"
"적용되다","適用-"
"적용하다","適用-"
"적응","適應"
"적응하다","適應-"
"적절하다","適切-"
"적합하다","適合-"
"적히다",""
"전","全. ~ 국민"
"전","前"
"전","前"
"전개","展開"
"전개되다","展開-"
"전개하다","展開-"
"전공","專攻"
"전공하다","專攻-"
"전구","電球"
"전국","全國"
"전국적","全國的"
"전기","前期"
"전기","傳記"
"전기","電氣"
"전기밥솥",""
"전날","前-"
"전달","傳達"
"전달되다","傳達-"
"전달하다","傳達-"
"전라도","全羅道"
"전망","展望"
"전망하다","展望-"
"전문","專門"
"전문가","專門家"
"전문적","專門的"
"전문점","專門店"
"전문직","專門職"
"전반","全般"
"전반적","全般的"
"전부","全部"
"전부","全部"
"전선","戰線"
"전설","傳說"
"전세","傳貰"
"전시","展示"
"전시되다","展示-"
"전시장","展示場"
"전시하다","展示-"
"전시회","展示會"
"전용","專用"
"전자","電子"
"전쟁","戰爭"
"전주","全州"
"전철","電鐵"
"전체","全體"
"전체적","全體的"
"전통","傳統"
"전통문화","傳統文化"
"전통적","傳統的"
"전하다","傳-"
"전해지다","傳-"
"전혀","全-"
"전화","電話"
"전화기","電話機"
"전화번호","電話番號"
"전화하다","電話-"
"전환","轉換"
"전환하다","轉換-"
"전후","前後"
"절","사찰"
"절","~을 하다"
"절","節"
"절대","絶對"
"절대","絶對"
"절대로","絶對-"
"절대적","絶對的"
"절망","絶望"
"절반","折半"
"절약","節約"
"절약하다","節約-"
"절차","節次"
"젊다",""
"젊은이",""
"젊음",""
"점","點"
"점","點"
"점검","點檢"
"점수","點數"
"점심","點心"
"점심때","點心-"
"점심시간","點心時間"
"점원","店員"
"점잖다",""
"점점","漸漸"
"점차","漸次"
"접근","接近"
"접근하다","接近-"
"접다",""
"접시",""
"접촉","接觸"
"접하다","接-"
"젓가락",""
"젓다",""
"정","情"
"정거장","停車場"
"정기","定期"
"정기적","定期的"
"정답","正答"
"정당","政黨"
"정도","程度"
"정류장","停留場"
"정리","整理"
"정리되다","整理-"
"정리하다","整理-"
"정말","正-"
"정말","正-"
"정말","正-"
"정말로","正-"
"정면","正面"
"정문","正門"
"정반대","正反對"
"정보","情報"
"정보화","情報化"
"정부","政府"
"정비","整備"
"정상","正常"
"정상","頂上"
"정상적","正常的"
"정성","精誠"
"정식","正式"
"정신","精神"
"정신과","精神科"
"정신없이","精神-"
"정신적","精神的"
"정오","正午"
"정원","庭園"
"정장","正裝"
"정지","停止"
"정직하다","正直-"
"정치","政治"
"정치권","政治權"
"정치인","政治人"
"정치적","政治的"
"정치학","政治學"
"정하다","定-"
"정해지다","定-"
"정확하다","正確-"
"정확히","正確-"
"젖",""
"젖다",""
"제거하다","除去-"
"제공","提供"
"제공하다","提供-"
"제과점","製菓店"
"제대로",""
"제대하다","除隊-"
"제도적","制度的"
"제목","題目"
"제발",""
"제법",""
"제비","동물"
"제사","祭祀"
"제삿날","祭祀-"
"제시","提示"
"제시되다","提示-"
"제시하다","提示-"
"제안","提案"
"제안하다","提案-"
"제약","制約"
"제외되다","除外-"
"제외하다","除外-"
"제의","提議"
"제의하다","提議-"
"제일","第一"
"제자","弟子"
"제자리",""
"제작","製作"
"제작하다","製作-"
"제주도","濟州島"
"제출","提出"
"제출하다","提出-"
"제품","製品"
"제한","制限"
"제한되다","制限-"
"제한하다","制限-"
"조","條"
"조","組"
"조","組"
"조각","얼음 ~"
"조각","彫刻"
"조개","동물"
"조건","條件"
"조그마하다",""
"조그맣다",""
"조금",""
"조금",""
"조금씩",""
"조기","早期"
"조깅","jogging"
"조르다","요구하다"
"조명","照明"
"조미료","調味料"
"조사30","調査"
"조사하다","調査-"
"조상","祖上"
"조선","朝鮮"
"조심스럽다","操心-"
"조심하다","操心-"
"조용하다",""
"조용히",""
"조절","調節"
"조절하다","調節-"
"조정","調整"
"조정하다","調整-"
"조직","組織"
"조카",""
"조화되다","調和-"
"존경하다","尊敬-"
"존댓말","尊待-"
"존재","存在"
"존재하다","存在-"
"존중하다","尊重-"
"졸다",""
"졸리다","자고 싶다"
"졸업","卒業"
"졸업생","卒業生"
"졸업하다","卒業-"
"졸음",""
"좀","조금"
"좁다",""
"좁히다",""
"종","種"
"종","鐘"
"종교","宗敎"
"종교적","宗敎的"
"종로","鍾路"
"종류","種類"
"종소리","鐘-"
"종업원","從業員"
"종이",""
"종이컵","-cup"
"종일","終日"
"종종","種種. ~ 놀러 오세요"
"종합","綜合"
"종합하다","綜合-"
"좋다",""
"좋아",""
"좋아지다",""
"좋아하다",""
"좌석","座席"
"좌우","左右"
"죄","罪"
"죄송하다","罪悚-"
"죄인","罪人"
"주","主. ~ 고객"
"주","週"
"주","週"
"주거","住居"
"주고받다",""
"주관적","主觀的"
"주년","周年"
"주다",""
"주다",""
"주로","主-"
"주름",""
"주름살",""
"주말","週末"
"주머니",""
"주먹",""
"주무시다",""
"주문","呪文"
"주문","注文"
"주문하다","注文-"
"주민","住民"
"주방","廚房"
"주변","周邊"
"주부","主婦"
"주사","注射"
"주소","住所"
"주스","juice"
"주식","株式"
"주어지다",""
"주요","主要"
"주요하다","主要-"
"주위","周圍"
"주의","注意"
"주의하다","注意-"
"주인","主人"
"주인공","主人公"
"주일","週日"
"주장","主張"
"주장하다","主張-"
"주저앉다",""
"주전자","酒煎子"
"주제","主題"
"주차","駐車"
"주차장","駐車場"
"주차하다","駐車-"
"주택","住宅"
"주한","駐韓"
"죽","줄을 ~ 긋다"
"죽","粥"
"죽다","굶어 ~"
"죽다","심심해 ~"
"죽음",""
"죽이다","굶겨 ~"
"준비","準備"
"준비되다","準備-"
"준비물","準備物"
"준비하다","準備-"
"줄","~로 감다"
"줄","방법"
"줄거리",""
"줄곧",""
"줄기",""
"줄다",""
"줄무늬",""
"줄어들다",""
"줄이다",""
"줍다",""
"중","中"
"중간","中間"
"중계방송","中繼放送"
"중국","中國"
"중국어","中國語"
"중국집","中國-"
"중년","中年"
"중단","中斷"
"중단되다","中斷-"
"중단하다","中斷-"
"중대하다","重大-"
"중독","中毒"
"중반","中盤"
"중부","中部"
"중세","中世"
"중소기업","中小企業"
"중순","中旬"
"중식80","中食. 중국 음식"
"중심","中心"
"중심지","中心地"
"중앙","中央"
"중얼거리다",""
"중요","重要"
"중요성","重要性"
"중요시하다","重要視-"
"중요하다","重要-"
"중학교","中學校"
"중학생","中學生"
"쥐","동물"
"쥐다","주먹을 ~"
"즉","卽"
"즉석","卽席"
"즉시","卽時"
"즐거움",""
"즐거워하다",""
"즐겁다",""
"즐기다",""
"증가","增加"
"증가하다","增加-"
"증거","證據"
"증권","證券"
"증권사","證券社"
"증명하다","證明-"
"증상","症狀"
"증세","症勢"
"지","만난 ~ 오래되다"
"지각","知覺"
"지갑","紙匣"
"지겹다",""
"지경","地境"
"지구","地區"
"지구","地球"
"지극히","至極-"
"지금","只今"
"지금","只今"
"지금껏","只今-"
"지급","支給"
"지급하다","支給-"
"지나가다",""
"지나다",""
"지나치다",""
"지나치다",""
"지난날",""
"지난달",""
"지난번","-番"
"지난주","-週"
"지난해",""
"지내다",""
"지능","知能"
"지니다",""
"지다","해가 ~"
"지다","전쟁에 ~"
"지다","그늘이 ~"
"지다","등에 ~"
"지대","地帶"
"지도","地圖"
"지도","指導"
"지도자","指導者"
"지도하다","指導-"
"지루하다",""
"지르다","소리를 ~"
"지름길",""
"지리산","智異山"
"지방","地方"
"지방","脂肪"
"지배하다","支配-"
"지불하다","支拂-"
"지붕",""
"지속되다","持續-"
"지속적","持續的"
"지시","指示"
"지시하다","指示-"
"지식","知識"
"지식인","知識人"
"지역","地域"
"지우개",""
"지우다","낙서를 ~"
"지우다","짐을 ~"
"지워지다",""
"지원","支援"
"지원하다","支援-"
"지위","地位"
"지저분하다",""
"지적","知的"
"지적","指摘"
"지적되다","指摘-"
"지적하다","指摘-"
"지점","支店"
"지점","地點"
"지지","支持"
"지진","地震"
"지출","支出"
"지치다","일에 ~"
"지켜보다",""
"지키다",""
"지폐","紙幣"
"지하","地下"
"지하도","地下道"
"지하철","地下鐵"
"지혜","智慧"
"직선","直線"
"직업","職業"
"직원","職員"
"직장","職場"
"직장인","職場人"
"직전","直前"
"직접","直接"
"직접","直接"
"직접적","直接的"
"직후","直後"
"진급","進級"
"진단","診斷"
"진단하다","診斷-"
"진달래",""
"진동","振動"
"진로","進路"
"진료","診療"
"진리","眞理"
"진실","眞實"
"진실로","眞實-"
"진실하다","眞實-"
"진심","眞心"
"진지하다","眞摯-"
"진짜","眞-"
"진짜","眞-"
"진찰","診察"
"진출","進出"
"진출하다","進出-"
"진통","陣痛"
"진하다","津-"
"진행","進行"
"진행되다","進行-"
"진행자","進行者"
"진행하다","進行-"
"질","質"
"질문","質問"
"질문하다","質問-"
"질병","疾病"
"질서","秩序"
"질적","質的"
"짐",""
"짐작","斟酌"
"짐작하다","斟酌-"
"집",""
"집다",""
"집단","集團"
"집단적","集團的"
"집안",""
"집안일",""
"집어넣다",""
"집중","集中"
"집중되다","集中-"
"집중적","集中的"
"집중하다","集中-"
"짓",""
"짓다",""
"짙다",""
"짚다",""
"짜다","관을 ~"
"짜다","빨래를 ~"
"짜다","음식이 ~"
"짜증",""
"짜증스럽다",""
"짝","~이 맞다"
"짧다",""
"짧아지다",""
"쩔쩔매다",""
"쪽","면"
"쪽","부분"
"쪽","방향"
"쫓겨나다",""
"쫓기다",""
"쫓다",""
"쭉",""
"찌개",""
"찌꺼기",""
"찌다","살이 ~"
"찌다","떡을 ~"
"찌르다",""
"찍다","서류에 도장을 ~"
"찍히다","도장이 ~"
"찢다",""
"찢어지다",""
"차","次"
"차","車"
"차","差"
"차","茶"
"차갑다",""
"차남","次男"
"차다","가득 ~"
"차다","공을 ~"
"차다","시계를 ~"
"차다","날씨가 ~"
"차라리",""
"차량","車輛"
"차례","次例"
"차리다",""
"차림",""
"차마",""
"차별","差別"
"차선","車線"
"차이","差異"
"차이점","差異點"
"차차","次次"
"차창","車窓"
"차츰",""
"착각","錯覺"
"착각하다","錯覺-"
"착하다",""
"찬물",""
"찬성","贊成"
"찬성하다","贊成-"
"참","참으로"
"참","이것 ~"
"참","집에 가던 ~에"
"참가","參加"
"참가하다","參加-"
"참고하다","參考-"
"참기름",""
"참다",""
"참되다",""
"참새","동물"
"참석","參席"
"참석자","參席者"
"참석하다","參席-"
"참여","參與"
"참여하다","參與-"
"참외","식물"
"참으로",""
"참조","參照"
"찻잔","茶盞"
"창","窓"
"창가","窓-"
"창고","倉庫"
"창구","窓口"
"창문","窓門"
"창밖","窓-"
"창작","創作"
"창조","創造"
"창조적","創造的"
"창조하다","創造-"
"창피하다","猖披-"
"찾다",""
"찾아가다",""
"찾아내다",""
"찾아다니다",""
"찾아보다",""
"찾아오다",""
"채","집 한 ~"
"채","옷을 입은 ~로"
"채","말이 ~ 끝나기도 전에"
"채널","channel"
"채소","菜蔬"
"채우다","자리를 ~"
"채점","採點"
"책","冊"
"책가방","冊-"
"책방","冊房"
"책상","冊床"
"책임","責任"
"책임감","責任感"
"책임자","責任者"
"책임지다",""
"챔피언","champion"
"챙기다",""
"처녀","處女"
"처리","處理"
"처벌","處罰"
"처음",""
"처지","處地"
"척","못 이기는 ~"
"척","隻"
"척하다",""
"천","실로 짠 물건"
"천","千"
"천","千"
"천국","天國"
"천둥",""
"천장","天障"
"천재","天才"
"천천히",""
"철","계절"
"철","~이 들다"
"철","鐵"
"철도","鐵道"
"철저하다","徹底-"
"철저히","徹底-"
"철학","哲學"
"철학자","哲學者"
"철학적","哲學的"
"첫",""
"첫날",""
"첫째",""
"첫째",""
"청년","靑年"
"청바지","靑-"
"청소","淸掃"
"청소기80","淸掃機"
"청소년","靑少年"
"청소하다","淸掃-"
"청춘","靑春"
"청하다","請-"
"체계적","體系的"
"체력","體力"
"체온","體溫"
"체육","體育"
"체육관","體育館"
"체조","體操"
"체중","體重"
"체하다",""
"체험","體驗"
"체험하다","體驗-"
"쳐다보다",""
"초","初"
"초","秒"
"초기","初期"
"초대","初代"
"초대","招待"
"초대하다","招待-"
"초등학교","初等學校"
"초등학생","初等學生"
"초록색","草綠色"
"초반","初盤"
"초밥","醋-"
"초보","初步"
"초보자","初步者"
"초상화","肖像畵"
"초순","初旬"
"초여름","初-"
"초원","草原"
"초저녁","初-"
"초점","焦點"
"초조하다","焦燥-"
"초청","招請"
"초청장","招請狀"
"초청하다","招請-"
"초콜릿","chocolate"
"촌스럽다","村-"
"촛불",""
"총","銃"
"총","總"
"총각","總角"
"총리","總理"
"총장","總長"
"촬영","撮影"
"최고","最高"
"최고급","最高級"
"최근","最近"
"최대","最大"
"최대한","最大限"
"최상","最上"
"최선","最善"
"최소","最小"
"최소한","最小限"
"최신","最新"
"최악","最惡"
"최저","最低"
"최종","最終"
"최초","最初"
"최후","最後"
"추가","追加"
"추가되다","追加-"
"추가하다","追加-"
"추다","춤을 ~"
"추석","秋夕"
"추억","追憶"
"추위",""
"추진","推進"
"추진하다","推進-"
"추천","推薦"
"추천하다","推薦-"
"추측","推測"
"축구","蹴球"
"축구공","蹴球-"
"축구장","蹴球場"
"축소","縮小"
"축제","祝祭"
"축하","祝賀"
"축하하다","祝賀-"
"출구","出口"
"출국","出國"
"출근","出勤"
"출근하다","出勤-"
"출발","出發"
"출발점","出發點"
"출발하다","出發-"
"출산","出産"
"출석하다","出席-"
"출신","出身"
"출연","出演"
"출연하다","出演-"
"출입","出入"
"출입국","出入國"
"출입문","出入門"
"출장","出張"
"출퇴근","出退勤"
"출판","出版"
"출판사","出版社"
"출현하다","出現-"
"춤",""
"춤추다",""
"춥다",""
"충격","衝擊"
"충격적","衝擊的"
"충고","忠告"
"충돌","衝突"
"충돌하다","衝突-"
"충분하다","充分-"
"충분히","充分-"
"충청도","忠淸道"
"취미","趣味"
"취소","取消"
"취소하다","取消-"
"취업","就業"
"취재","取材"
"취직","就職"
"취하다","取-"
"취하다","醉-"
"취향","趣向"
"층","層"
"치과","齒科"
"치다","폭풍우가 ~"
"치다","얼굴을 ~"
"치다","그물을 ~"
"치다","셈을 맞추다"
"치료","治療"
"치료법","治療法"
"치료하다","治療-"
"치르다",""
"치마",""
"치아","齒牙"
"치약","齒藥"
"치우다",""
"치우다",""
"치즈","cheese"
"친구","親舊"
"친절","親切"
"친절하다","親切-"
"친정","親庭"
"친척","親戚"
"친하다","親-"
"친해지다","親-"
"칠","七"
"칠십","七十"
"칠월","七月"
"칠판","漆板"
"칠하다","漆-"
"침","~을 뱉다"
"침대","寢臺"
"침묵","沈默"
"침실","寢室"
"침착하다","沈着-"
"칫솔","齒-"
"칭찬","稱讚"
"칭찬하다","稱讚-"
"카드","card"
"카레","curry"
"카메라","camera"
"카운터","계산대"
"카페","&프cafe"
"칸",""
"칼","베는 도구"
"칼국수",""
"캄캄하다",""
"캐나다","Canada"
"캐릭터","character"
"캠퍼스","campus"
"캠페인","campaign"
"커다랗다",""
"커지다",""
"커튼","curtain"
"커피","coffee"
"컨디션","condition"
"컬러","color"
"컴퓨터","computer"
"컵","cup"
"케첩","ketchup"
"켜다","성냥을 ~"
"켜지다",""
"코",""
"코끝",""
"코끼리",""
"코너","corner"
"코드","code"
"코미디","comedy"
"코스","course"
"코스모스","cosmos"
"코치","coach"
"코트","court"
"코피",""
"콘서트","concert"
"콜라","cola"
"콤플렉스","complex"
"콩",""
"콩나물",""
"쾌감","快感"
"쿠데타",""
"크기",""
"크다",""
"크다",""
"크리스마스","Christmas"
"크림","cream"
"큰길",""
"큰딸",""
"큰소리",""
"큰아들",""
"큰아버지",""
"큰어머니",""
"큰일","중대한 일"
"큰절",""
"클래식","classic"
"클럽","club"
"키","신장"
"키스","kiss"
"키우다",""
"킬로","kilo"
"킬로그램","kilogram"
"킬로미터","kilometer"
"타고나다",""
"타다","장작이 ~"
"타다","버스에 ~"
"타다","물에 ~"
"타다","월급을 ~"
"타락","墮落"
"타오르다",""
"타입","type"
"타자기","打字機"
"탁",""
"탁구","卓球"
"탁월하다","卓越-"
"탁자","卓子"
"탄생","誕生"
"탄생하다","誕生-"
"탈출하다","脫出-"
"탑","塔"
"탓",""
"태권도","跆拳道"
"태도","態度"
"태아","胎兒"
"태양","太陽"
"태어나다",""
"태우다","쓰레기를 ~"
"태우다","차에 ~"
"태풍","颱風"
"택시","taxi"
"택하다","擇-"
"탤런트","talent"
"터",""
"터",""
"터널","tunnel"
"터뜨리다",""
"터미널","terminal"
"터지다",""
"턱","신체의 일부"
"턱","알 ~이 없다"
"털",""
"털다",""
"텅","~ 비다"
"테니스","tennis"
"테러","terror"
"테스트","test"
"테이블","table"
"테이프","tape"
"텍스트","text"
"텔레비전","television"
"토끼",""
"토대","土臺"
"토론","討論"
"토론자","討論者"
"토론하다","討論-"
"토론회","討論會"
"토마토","tomato"
"토요일","土曜日"
"토하다","吐-"
"톤","ton"
"통","桶"
"통","通"
"통계","統計"
"통과","通過"
"통과하다","通過-"
"통로","通路"
"통신","通信"
"통역","通譯"
"통일","統一"
"통일하다","統一-"
"통장","通帳"
"통제","統制"
"통증","痛症"
"통하다","通-"
"통합","統合"
"통화","通貨"
"통화","通話"
"퇴근","退勤"
"퇴근하다","退勤-"
"퇴원","退院"
"퇴원하다","退院-"
"퇴직금","退職金"
"투명하다","透明-"
"투자","投資"
"투표","投票"
"튀기다","물방울을 ~"
"튀김",""
"튀다",""
"튀어나오다",""
"트럭","truck"
"트이다",""
"특급","特級"
"특별","特別"
"특별하다","特別-"
"특별히","特別-"
"특성","特性"
"특수","特殊"
"특수성","特殊性"
"특이하다","特異-"
"특정하다","特定-"
"특징","特徵"
"특히","特-"
"튼튼하다",""
"튼튼히",""
"틀",""
"틀다",""
"틀리다","답이 ~"
"틀림없다",""
"틀림없이",""
"틈",""
"티브이","TV"
"티셔츠","T-shirts"
"팀","team"
"파","식물"
"파괴하다","破壞-"
"파다",""
"파도","波濤"
"파란색","-色"
"파랗다",""
"파리","Paris"
"파리",""
"파악하다","把握-"
"파일","file"
"파출소","派出所"
"파티","party"
"판","~이 벌어지다"
"판","마지막 ~"
"판","板"
"판","版"
"판결","判決"
"판단","判斷"
"판단하다","判斷-"
"판매","販賣"
"판매되다","販賣-"
"판매하다","販賣-"
"판사","判事"
"팔","신체의 일부"
"팔","八"
"팔다",""
"팔리다",""
"팔십","八十"
"팔월","八月"
"팝송","pop song"
"패션","fashion"
"팩","pack"
"팩스","fax"
"팩시밀리","facsimile"
"팬","애호가"
"팬","pan"
"팬티","panties"
"퍼센트","percent"
"퍼지다",""
"퍽","~ 궁금하다"
"페인트","paint"
"펴내다",""
"펴다",""
"편","바람이 부는 ~"
"편","기차 ~"
"편","篇"
"편견","偏見"
"편리하다","便利-"
"편안하다","便安-"
"편의","便宜"
"편의점","便宜店"
"편지","便紙"
"편하다","便-"
"편히","便-"
"펼쳐지다",""
"평","坪"
"평","評"
"평가","評價"
"평가되다","評價-"
"평가하다","評價-"
"평균","平均"
"평범하다","平凡-"
"평상시","平常時"
"평생","平生"
"평소","平素"
"평양","平壤"
"평일","平日"
"평화","平和"
"평화롭다","平和-"
"폐지","廢止"
"포근하다",""
"포기하다","抛棄-"
"포도","葡萄"
"포도주","葡萄酒"
"포스터","poster"
"포인트","point"
"포장","包裝"
"포장마차","布帳馬車"
"포크","fork"
"포함","包含"
"포함되다","包含-"
"포함하다","包含-"
"폭","幅"
"폭넓다","幅-"
"폭력","暴力"
"표","表"
"표","票"
"표면","表面"
"표시","表示"
"표시","標示"
"표시하다","表示-"
"표시하다","標示-"
"표정","表情"
"표준","標準"
"표현","表現"
"표현되다","表現-"
"표현하다","表現-"
"푸다",""
"푸르다",""
"푹",""
"풀","~을 바르다"
"풀","~을 베다"
"풀다",""
"풀리다",""
"풀어지다",""
"품","옷이 ~이 크다"
"품다","가슴에 ~"
"품목","品目"
"품질","品質"
"풍경","風景"
"풍부하다","豊富-"
"풍속","風俗"
"풍습","風習"
"프랑스","France"
"프로","professional"
"프로","program"
"프로그램","program"
"프린터","printer"
"플라스틱","plastic"
"피","~를 흘리다"
"피곤","疲困"
"피곤하다","疲困-"
"피다","꽃이 ~"
"피디","PD"
"피로","疲勞"
"피로하다","疲勞-"
"피망","&프piment"
"피부","皮膚"
"피시","PC"
"피아노","piano"
"피우다",""
"피자","&이pizza"
"피하다","避-"
"피해","被害"
"피해자","被害者"
"필름","film"
"필수","必須"
"필수적","必須的"
"필연적","必然的"
"필요","必要"
"필요성","必要性"
"필요하다","必要-"
"필자","筆者"
"필통","筆筒"
"핑계",""
"하","下"
"하긴",""
"하나",""
"하나",""
"하나님",""
"하나하나",""
"하나하나",""
"하느님",""
"하늘",""
"하다",""
"하다",""
"하도",""
"하드웨어","hardware"
"하루",""
"하룻밤",""
"하반기","下半期"
"하숙집","下宿-"
"하순","下旬"
"하얀색","-色"
"하얗다",""
"하여튼","何如-"
"하지만",""
"하천","河川"
"하품",""
"하필","何必"
"하하",""
"학과","學科"
"학교","學校"
"학교생활","學校生活"
"학급","學級"
"학기","學期"
"학년","學年"
"학력","學歷"
"학번","學番"
"학부모","學父母"
"학비","學費"
"학생","學生"
"학생증","學生證"
"학술","學術"
"학습","學習"
"학용품","學用品"
"학원","學院"
"학위","學位"
"학자","學者"
"학점","學點"
"한",""
"한","恨"
"한","限"
"한가운데",""
"한가하다","閑暇-"
"한강","漢江"
"한겨울",""
"한결",""
"한계","限界"
"한구석",""
"한국","韓國"
"한국말","韓國-"
"한국어","韓國語"
"한국적","韓國的"
"한글",""
"한글날",""
"한꺼번에",""
"한낮",""
"한눈","~에 반하다"
"한데",""
"한동안",""
"한두",""
"한둘",""
"한때",""
"한라산","漢拏山"
"한마디",""
"한문","漢文"
"한반도","韓半島"
"한밤중","-中"
"한번","-番"
"한복","韓服"
"한순간","-瞬間"
"한숨","~을 쉬다"
"한식","韓食"
"한여름",""
"한자","漢字"
"한잔","-盞"
"한잔하다","­盞-"
"한정되다","限定-"
"한정하다","限定-"
"한쪽",""
"한참",""
"한창",""
"한층","-層"
"한편","-便"
"한편","-便"
"한평생","#NAME?"
"한하다","限-"
"할머니",""
"할아버지",""
"할인","割引"
"함께",""
"함께하다",""
"함부로",""
"합격","合格"
"합격하다","合格-"
"합리적","合理的"
"합치다","合-"
"합하다","合-"
"항공","航空"
"항공기","航空機"
"항구","港口"
"항상","恒常"
"항의","抗議"
"해",""
"해",""
"해","害"
"해결","解決"
"해결되다","解決-"
"해결하다","解決-"
"해군","海軍"
"해내다",""
"해답","解答"
"해당","該當"
"해당되다","該當-"
"해당하다","該當-"
"해롭다","害-"
"해마다",""
"해물","海物"
"해석","解析"
"해석","解釋"
"해석하다","解釋-"
"해설","解說"
"해소","解消"
"해소하다","解消-"
"해수욕장","海水浴場"
"해안","海岸"
"해외","海外"
"해외여행","海外旅行"
"핵","核"
"핵심","核心"
"핸드백","handbag"
"핸드폰","hand phone"
"햄","ham"
"햄버거","hamburger"
"햇볕",""
"햇빛",""
"햇살",""
"행동","行動"
"행동하다","行動-"
"행복","幸福"
"행복하다","幸福-"
"행사","行事"
"행사","行使"
"행운","幸運"
"행위","行爲"
"행하다","行-"
"행해지다","行-"
"향","香"
"향기","香氣"
"향상","向上"
"향상되다","向上-"
"향수","香水"
"향하다","向-"
"허가","許可"
"허락","許諾"
"허락하다","許諾-"
"허리",""
"허용","許容"
"허용되다","許容-"
"허용하다","許容-"
"허허",""
"헌",""
"헤매다",""
"헤아리다",""
"헤어지다",""
"헬기","helicopter機"
"혀",""
"현","現"
"현관","玄關"
"현관문","玄關門"
"현금","現金"
"현대","現代"
"현대인","現代人"
"현대적","現代的"
"현상","現象"
"현실","現實"
"현실적","現實的"
"현장","現場"
"현재","現在"
"현재","現在"
"현지","現地"
"혈액","血液"
"협력","協力"
"형","兄"
"형","型"
"형님","兄-"
"형부","兄夫"
"형사","刑事"
"형성","形成"
"형성되다","形成-"
"형성하다","形成-"
"형수","兄嫂"
"형식","形式"
"형식적","形式的"
"형제","兄弟"
"형태","形態"
"형편","形便"
"혜택","惠澤"
"호","號"
"호기심","好奇心"
"호남","湖南"
"호랑이","虎狼-"
"호박",""
"호선80","號線. 1~"
"호수","湖水"
"호실","號室"
"호주","濠洲"
"호주머니","胡-"
"호텔","hotel"
"호흡","呼吸"
"혹시","或是"
"혹은","或-"
"혼나다","魂-"
"혼자",""
"혼잣말",""
"홀로",""
"홈페이지","homepage"
"홍보","弘報"
"홍수","洪水"
"홍차","紅茶"
"화","~를 내다"
"화가","畵家"
"화나다","火-"
"화려하다","華麗-"
"화면","畵面"
"화분","花盆"
"화살",""
"화요일","火曜日"
"화장","化粧"
"화장실","化粧室"
"화장지","化粧紙"
"화장품","化粧品"
"화재","火災"
"화제","話題"
"화학","化學"
"확",""
"확대되다","擴大-"
"확대하다","擴大-"
"확립하다","確立-"
"확보","確保"
"확산되다","擴散-"
"확신","確信"
"확신하다","確信-"
"확실하다","確實-"
"확실히","確實-"
"확인","確認"
"확인되다","確認-"
"확인하다","確認-"
"확장","擴張"
"확정","確定"
"환갑","還甲"
"환경","環境"
"환경오염","環境汚染"
"환영","歡迎"
"환영하다","歡迎-"
"환율","換率"
"환자","患者"
"환하다",""
"활기","活氣"
"활동","活動"
"활동하다","活動-"
"활발하다","活潑-"
"활발해지다","活潑-"
"활발히","活潑-"
"활용","活用"
"활용하다","活用-"
"활짝",""
"회","回"
"회견","會見"
"회관","會館"
"회복","回復"
"회복되다","回復-"
"회복하다","回復-"
"회사","會社"
"회색","灰色"
"회원","會員"
"회의","會議"
"회의","懷疑"
"회장","會長"
"회전","回轉"
"회화","繪畵"
"횟수","回數"
"횡단보도","橫斷步道"
"효과","效果"
"효과적","效果的"
"효도","孝道"
"효도하다","孝道-"
"효율적","效率的"
"효자","孝子"
"후","後"
"후기","後期"
"후반","後半"
"후배","後輩"
"후보","候補"
"후춧가루",""
"후회","後悔"
"후회하다","後悔-"
"훈련","訓鍊"
"훌륭하다",""
"훔치다","물건을 ~"
"훨씬",""
"휴가","休暇"
"휴식","休息"
"휴일","休日"
"휴지","休紙"
"휴지통","休紙桶"
"흉내",""
"흐려지다",""
"흐르다",""
"흐름",""
"흐리다","물을 ~"
"흐리다","날이 ~"
"흑백","黑白"
"흑인","黑人"
"흔들다",""
"흔들리다",""
"흔적","痕跡"
"흔하다",""
"흔히",""
"흘러가다",""
"흘러나오다",""
"흘러내리다",""
"흘리다",""
"흙",""
"흥미","興味"
"흥미롭다","興味-"
"흥분","興奮"
"흥분하다","興奮-"
"흩어지다",""
"희곡","戱曲"
"희다",""
"희망","希望"
"희망하다","希望-"
"희생","犧牲"
"희생하다","犧牲-"
"흰색","-色"
"힘",""
"힘겹다",""
"힘껏",""
"힘들다",""
"힘들어하다",""
"힘쓰다",""
"힘없이",""
"힘차다",""